1320571.0,7.871,-0.027,50.000,7683
1319475.0,7.865,-0.027,50.000,7704
1319268.0,7.863,-0.027,50.000,7725
1320457.0,7.871,-0.027,50.000,7746
1320541.0,7.871,-0.027,50.000,7767
1321129.0,7.875,-0.027,50.000,7788
1320114.0,7.868,-0.027,50.000,7809
1320151.0,7.869,-0.027,50.000,7830
1320165.0,7.869,-0.027,50.000,7851
1320130.0,7.869,-0.027,50.000,7872
1320007.0,7.868,-0.027,50.000,7893
1318674.0,7.860,-0.027,50.000,7914
1320290.0,7.870,-0.027,50.000,7935
1319775.0,7.866,-0.027,50.000,7956
1320968.0,7.874,-0.027,50.000,7977
1321433.0,7.876,-0.027,50.000,7998
1319603.0,7.865,-0.027,50.000,8019
1320701.0,7.872,-0.027,50.000,8040
1321175.0,7.875,-0.027,50.000,8061
1321107.0,7.874,-0.027,50.000,8082
1320783.0,7.872,-0.027,50.000,8103
1319383.0,7.864,-0.027,50.000,8124
1319687.0,7.866,-0.027,50.000,8145
1319216.0,7.863,-0.027,50.000,8166
1320595.0,7.871,-0.027,50.000,8187
1321592.0,7.877,-0.027,50.000,8208
1320030.0,7.868,-0.027,50.000,8229
1320316.0,7.870,-0.027,50.000,8250
1320677.0,7.872,-0.027,50.000,8271
1321179.0,7.875,-0.027,50.000,8292
1321227.0,7.875,-0.027,50.000,8313
1319273.0,7.863,-0.027,50.000,8334
1320647.0,7.872,-0.027,50.000,8355
1320782.0,7.872,-0.027,50.000,8376
1320857.0,7.873,-0.027,50.000,8397
1321338.0,7.876,-0.027,50.000,8418
1319612.0,7.866,-0.027,50.000,8439
1321060.0,7.874,-0.027,50.000,8460
1322072.0,7.880,-0.026,50.000,8481
1322284.0,7.881,-0.026,50.000,8502
1322350.0,7.882,-0.026,50.000,8523
1320192.0,7.869,-0.027,50.000,8544
1320564.0,7.871,-0.027,50.000,8565
1321366.0,7.876,-0.027,50.000,8586
1321426.0,7.876,-0.027,50.000,8607
1322220.0,7.881,-0.026,50.000,8628
1322019.0,7.880,-0.027,50.000,8649
1321762.0,7.878,-0.027,50.000,8670
1321164.0,7.875,-0.027,50.000,8691
1321790.0,7.878,-0.027,50.000,8712
1322520.0,7.883,-0.026,50.000,8733
1321974.0,7.880,-0.027,50.000,8754
1321498.0,7.877,-0.027,50.000,8775
1321092.0,7.874,-0.027,50.000,8796
1322783.0,7.884,-0.026,50.000,8817
1324157.0,7.893,-0.026,50.000,8838
1320884.0,7.873,-0.027,50.000,8859
1322174.0,7.881,-0.026,50.000,8880
1322131.0,7.881,-0.026,50.000,8901
1323135.0,7.886,-0.026,50.000,8922
1324331.0,7.894,-0.026,50.000,8943
1323147.0,7.887,-0.026,50.000,8964
1323574.0,7.889,-0.026,50.000,8985
1323956.0,7.891,-0.026,50.000,9006
1325511.0,7.901,-0.026,50.000,9027
1323035.0,7.886,-0.026,50.000,9048
1322548.0,7.883,-0.026,50.000,9069
1321723.0,7.878,-0.027,50.000,9090
1322557.0,7.883,-0.026,50.000,9111
1323580.0,7.889,-0.026,50.000,9132
1322947.0,7.885,-0.026,50.000,9153
1322505.0,7.883,-0.026,50.000,9174
1322382.0,7.882,-0.026,50.000,9195
1323095.0,7.886,-0.026,50.000,9216
1323025.0,7.886,-0.026,50.000,9237
1323144.0,7.887,-0.026,50.000,9258
1322389.0,7.882,-0.026,50.000,9279
1323553.0,7.889,-0.026,50.000,9300
1322209.0,7.881,-0.026,50.000,9321
1321977.0,7.880,-0.027,50.000,9342
1324792.0,7.896,-0.026,50.000,9363
1322523.0,7.883,-0.026,50.000,9384
1322480.0,7.883,-0.026,50.000,9405
1323396.0,7.888,-0.026,50.000,9426
1322912.0,7.885,-0.026,50.000,9447
1323904.0,7.891,-0.026,50.000,9468
1323697.0,7.890,-0.026,50.000,9489
1323210.0,7.887,-0.026,50.000,9510
1321840.0,7.879,-0.027,50.000,9531
1322853.0,7.885,-0.026,50.000,9552
1324242.0,7.893,-0.026,50.000,9573
1323341.0,7.888,-0.026,50.000,9594
1323772.0,7.890,-0.026,50.000,9615
1323641.0,7.890,-0.026,50.000,9636
1323495.0,7.889,-0.026,50.000,9657
1324114.0,7.892,-0.026,50.000,9678
1324023.0,7.892,-0.026,50.000,9699
1324142.0,7.893,-0.026,50.000,9720
1324637.0,7.895,-0.026,50.000,9741
1323827.0,7.891,-0.026,50.000,9762
1324145.0,7.893,-0.026,50.000,9783
1323591.0,7.889,-0.026,50.000,9804
1324422.0,7.894,-0.026,50.000,9825
1324057.0,7.892,-0.026,50.000,9846
1323236.0,7.887,-0.026,50.000,9867
1325481.0,7.900,-0.026,50.000,9888
1324992.0,7.898,-0.026,50.000,9909
1325308.0,7.899,-0.026,50.000,9930
1323327.0,7.888,-0.026,50.000,9951
1325572.0,7.901,-0.026,50.000,9972
1325321.0,7.900,-0.026,50.000,9993
1324705.0,7.896,-0.026,50.000,10014
1325016.0,7.898,-0.026,50.000,10035
1325013.0,7.898,-0.026,50.000,10056
1325066.0,7.898,-0.026,50.000,10077
1324914.0,7.897,-0.026,50.000,10098
1325192.0,7.899,-0.026,50.000,10119
1324876.0,7.897,-0.026,50.000,10140
1325704.0,7.902,-0.026,50.000,10161
1324262.0,7.893,-0.026,50.000,10182
1323997.0,7.892,-0.026,50.000,10203
1325579.0,7.901,-0.026,50.000,10224
1324687.0,7.896,-0.026,50.000,10245
1324497.0,7.895,-0.026,50.000,10266
1324665.0,7.896,-0.026,50.000,10287
1325436.0,7.900,-0.026,50.000,10308
1325253.0,7.899,-0.026,50.000,10329
1325347.0,7.900,-0.026,50.000,10350
1325827.0,7.903,-0.026,50.000,10371
1325223.0,7.899,-0.026,50.000,10392
1325541.0,7.901,-0.026,50.000,10413
1325588.0,7.901,-0.026,50.000,10434
1325412.0,7.900,-0.026,50.000,10455
1325588.0,7.901,-0.026,50.000,10476
1325877.0,7.903,-0.026,50.000,10497
1326337.0,7.906,-0.026,50.000,10518
1327266.0,7.911,-0.026,50.000,10539
1326282.0,7.905,-0.026,50.000,10560
1326815.0,7.908,-0.026,50.000,10581
1326241.0,7.905,-0.026,50.000,10602
1327545.0,7.913,-0.026,50.000,10623
1327312.0,7.911,-0.026,50.000,10644
1327026.0,7.910,-0.026,50.000,10665
1326445.0,7.906,-0.026,50.000,10686
1327331.0,7.912,-0.026,50.000,10707
1326690.0,7.908,-0.026,50.000,10728
1328941.0,7.921,-0.026,50.000,10749
1326632.0,7.907,-0.026,50.000,10770
1326640.0,7.907,-0.026,50.000,10791
1327389.0,7.912,-0.026,50.000,10812
1326810.0,7.908,-0.026,50.000,10833
1328104.0,7.916,-0.026,50.000,10854
1327136.0,7.910,-0.026,50.000,10875
1327152.0,7.910,-0.026,50.000,10896
1327108.0,7.910,-0.026,50.000,10917
1327580.0,7.913,-0.026,50.000,10938
1327809.0,7.914,-0.026,50.000,10959
1327112.0,7.910,-0.026,50.000,10980
1327039.0,7.910,-0.026,50.000,11001
1327139.0,7.910,-0.026,50.000,11022
1327763.0,7.914,-0.026,50.000,11043
1328024.0,7.916,-0.026,50.000,11064
1328134.0,7.916,-0.026,50.000,11085
1327162.0,7.911,-0.026,50.000,11106
1327338.0,7.912,-0.026,50.000,11127
1328349.0,7.918,-0.026,50.000,11148
1328719.0,7.920,-0.026,50.000,11169
1327028.0,7.910,-0.026,50.000,11190
1328005.0,7.916,-0.026,50.000,11211
1327173.0,7.911,-0.026,50.000,11232
1328631.0,7.919,-0.026,50.000,11253
1328892.0,7.921,-0.026,50.000,11274
1327630.0,7.913,-0.026,50.000,11295
1326329.0,7.906,-0.026,50.000,11316
1328566.0,7.919,-0.026,50.000,11337
1328570.0,7.919,-0.026,50.000,11358
1330062.0,7.928,-0.026,50.000,11379
1327247.0,7.911,-0.026,50.000,11400
1328440.0,7.918,-0.026,50.000,11421
1328507.0,7.919,-0.026,50.000,11442
1328024.0,7.916,-0.026,50.000,11463
1329510.0,7.924,-0.026,50.000,11484
1328691.0,7.920,-0.026,50.000,11505
1328516.0,7.919,-0.026,50.000,11526
1328859.0,7.921,-0.026,50.000,11547
1329239.0,7.923,-0.026,50.000,11568
1330417.0,7.930,-0.026,50.000,11589
1328789.0,7.920,-0.026,50.000,11610
1329338.0,7.923,-0.026,50.000,11631
1330088.0,7.928,-0.026,50.000,11652
1329120.0,7.922,-0.026,50.000,11673
1330133.0,7.928,-0.026,50.000,11694
1329002.0,7.921,-0.026,50.000,11715
1329151.0,7.922,-0.026,50.000,11736
1328505.0,7.919,-0.026,50.000,11757
1329211.0,7.923,-0.026,50.000,11778
1329985.0,7.927,-0.026,50.000,11799
1327817.0,7.914,-0.026,50.000,11820
1329435.0,7.924,-0.026,50.000,11841
1329520.0,7.925,-0.026,50.000,11862
1329683.0,7.926,-0.026,50.000,11883
1330220.0,7.929,-0.026,50.000,11904
1328583.0,7.919,-0.026,50.000,11925
1328915.0,7.921,-0.026,50.000,11946
1330120.0,7.928,-0.026,50.000,11967
1329384.0,7.924,-0.026,50.000,11988
1331494.0,7.936,-0.026,50.000,12009
1331094.0,7.934,-0.026,50.000,12030
1330697.0,7.932,-0.026,50.000,12051
1330727.0,7.932,-0.026,50.000,12072
1330772.0,7.932,-0.026,50.000,12093
1330299.0,7.929,-0.026,50.000,12114
1330015.0,7.928,-0.026,50.000,12135
1329922.0,7.927,-0.026,50.000,12156
1329817.0,7.926,-0.026,50.000,12177
1330776.0,7.932,-0.026,50.000,12198
1330319.0,7.929,-0.026,50.000,12219
1330441.0,7.930,-0.026,50.000,12240
1330007.0,7.927,-0.026,50.000,12261
1331190.0,7.935,-0.026,50.000,12282
1330302.0,7.929,-0.026,50.000,12303
1331052.0,7.934,-0.026,50.000,12324
1330133.0,7.928,-0.026,50.000,12345
1330317.0,7.929,-0.026,50.000,12366
1331432.0,7.936,-0.026,50.000,12387
1330479.0,7.930,-0.026,50.000,12408
1330933.0,7.933,-0.026,50.000,12429
1331503.0,7.936,-0.026,50.000,12450
1330023.0,7.928,-0.026,50.000,12471
1331703.0,7.938,-0.026,50.000,12492
1331804.0,7.938,-0.026,50.000,12513
1331823.0,7.938,-0.026,50.000,12534
1330958.0,7.933,-0.026,50.000,12555
1330767.0,7.932,-0.026,50.000,12576
1331463.0,7.936,-0.026,50.000,12597
1332025.0,7.939,-0.026,50.000,12618
1332302.0,7.941,-0.026,50.000,12639
1331562.0,7.937,-0.026,50.000,12660
1331377.0,7.936,-0.026,50.000,12681
1331687.0,7.937,-0.026,50.000,12702
1332129.0,7.940,-0.026,50.000,12723
1331547.0,7.937,-0.026,50.000,12744
1332354.0,7.941,-0.026,50.000,12765
1332261.0,7.941,-0.026,50.000,12786
1331282.0,7.935,-0.026,50.000,12807
1332513.0,7.942,-0.026,50.000,12828
1332329.0,7.941,-0.026,50.000,12849
1333035.0,7.946,-0.026,50.000,12870
1331461.0,7.936,-0.026,50.000,12891
1332892.0,7.945,-0.026,50.000,12912
1333081.0,7.946,-0.026,50.000,12933
1333010.0,7.945,-0.026,50.000,12954
1331983.0,7.939,-0.026,50.000,12975
1332609.0,7.943,-0.026,50.000,12996
1333058.0,7.946,-0.026,50.000,13017
1332090.0,7.940,-0.026,50.000,13038
1332731.0,7.944,-0.026,50.000,13059
1333252.0,7.947,-0.026,50.000,13080
1333194.0,7.946,-0.026,50.000,13101
1333407.0,7.948,-0.026,50.000,13122
1333042.0,7.946,-0.026,50.000,13143
1333776.0,7.950,-0.026,50.000,13164
1333102.0,7.946,-0.026,50.000,13185
1333725.0,7.950,-0.026,50.000,13206
1333650.0,7.949,-0.026,50.000,13227
1332871.0,7.945,-0.026,50.000,13248
1334616.0,7.955,-0.026,50.000,13269
1334337.0,7.953,-0.026,50.000,13290
1333427.0,7.948,-0.026,50.000,13311
1334596.0,7.955,-0.026,50.000,13332
1332480.0,7.942,-0.026,50.000,13353
1331275.0,7.935,-0.026,50.000,13374
1331570.0,7.937,-0.026,50.000,13395
1331747.0,7.938,-0.026,50.000,13416
1332395.0,7.942,-0.026,50.000,13437
1333430.0,7.948,-0.026,50.000,13458
1334135.0,7.952,-0.026,50.000,13479
1336086.0,7.964,-0.025,50.000,13500
1333588.0,7.949,-0.026,50.000,13521
1330577.0,7.931,-0.026,50.000,13542
1328429.0,7.918,-0.026,50.000,13563
1328728.0,7.920,-0.026,50.000,13584
1329734.0,7.926,-0.026,50.000,13605
1332352.0,7.941,-0.026,50.000,13626
1333313.0,7.947,-0.026,50.000,13647
1333492.0,7.948,-0.026,50.000,13668
1333462.0,7.948,-0.026,50.000,13689
1334145.0,7.952,-0.026,50.000,13710
1332002.0,7.939,-0.026,50.000,13731
1331939.0,7.939,-0.026,50.000,13752
1331451.0,7.936,-0.026,50.000,13773
1333011.0,7.945,-0.026,50.000,13794
1334230.0,7.953,-0.026,50.000,13815
1334674.0,7.955,-0.026,50.000,13836
1335812.0,7.962,-0.025,50.000,13857
1335721.0,7.962,-0.025,50.000,13878
1335442.0,7.960,-0.026,50.000,13899
1336995.0,7.969,-0.025,50.000,13920
1337208.0,7.970,-0.025,50.000,13941
1338411.0,7.978,-0.025,50.000,13962
1338330.0,7.977,-0.025,50.000,13983
1338221.0,7.976,-0.025,50.000,14004
1338050.0,7.975,-0.025,50.000,14025
1337962.0,7.975,-0.025,50.000,14046
1338005.0,7.975,-0.025,50.000,14067
1337314.0,7.971,-0.025,50.000,14088
1335900.0,7.963,-0.025,50.000,14109
1335548.0,7.960,-0.025,50.000,14130
1335279.0,7.959,-0.026,50.000,14151
1336621.0,7.967,-0.025,50.000,14172
1337481.0,7.972,-0.025,50.000,14193
1336554.0,7.966,-0.025,50.000,14214
1337357.0,7.971,-0.025,50.000,14235
1338095.0,7.976,-0.025,50.000,14256
1339553.0,7.984,-0.025,50.000,14277
1339292.0,7.983,-0.025,50.000,14298
1340753.0,7.992,-0.025,50.000,14319
1341882.0,7.998,-0.025,50.000,14340
1339458.0,7.984,-0.025,50.000,14361
1338919.0,7.981,-0.025,50.000,14382
1342779.0,8.004,-0.025,50.000,14403
1342769.0,8.004,-0.025,50.000,14424
1345248.0,8.018,-0.025,50.000,14445
1342497.0,8.002,-0.025,50.000,14466
1344886.0,8.016,-0.025,50.000,14487
1351391.0,8.055,-0.024,50.000,14508
1349060.0,8.041,-0.024,50.000,14529
1355936.0,8.082,-0.024,50.000,14550
1355532.0,8.080,-0.024,50.000,14571
1357655.0,8.092,-0.024,50.000,14592
1355109.0,8.077,-0.024,50.000,14613
1361521.0,8.115,-0.024,50.000,14634
1360028.0,8.106,-0.024,50.000,14655
1362425.0,8.121,-0.023,50.000,14676
1363608.0,8.128,-0.023,50.000,14697
1376941.0,8.207,-0.022,50.000,14718
1367674.0,8.152,-0.023,50.000,14739
1367062.0,8.148,-0.023,50.000,14760
1373100.0,8.184,-0.023,50.000,14781
1385193.0,8.256,-0.022,50.000,14802
1374071.0,8.190,-0.023,50.000,14823
1376416.0,8.204,-0.022,50.000,14844
1384928.0,8.255,-0.022,50.000,14865
1396615.0,8.324,-0.021,50.000,14886
1383151.0,8.244,-0.022,50.000,14907
1386570.0,8.265,-0.022,50.000,14928
1390953.0,8.291,-0.021,50.000,14949
1400758.0,8.349,-0.021,50.000,14970
1392526.0,8.300,-0.021,50.000,14991
1396210.0,8.322,-0.021,50.000,15012
1396289.0,8.323,-0.021,50.000,15033
1396061.0,8.321,-0.021,50.000,15054
1396878.0,8.326,-0.021,50.000,15075
1404759.0,8.373,-0.020,50.000,15096
1412300.0,8.418,-0.020,50.000,15117
1410468.0,8.407,-0.020,50.000,15138
1415253.0,8.436,-0.020,50.000,15159
1428197.0,8.513,-0.019,50.000,15180
1442560.0,8.598,-0.018,50.000,15201
1430776.0,8.528,-0.018,50.000,15222
1438512.0,8.574,-0.018,50.000,15243
1446709.0,8.623,-0.017,50.000,15264
1447063.0,8.625,-0.017,50.000,15285
1448945.0,8.636,-0.017,50.000,15306
1460752.0,8.707,-0.016,50.000,15327
1473774.0,8.784,-0.015,50.000,15348
1462091.0,8.715,-0.016,50.000,15369
1467345.0,8.746,-0.016,50.000,15390
1471581.0,8.771,-0.015,50.000,15411
1475291.0,8.793,-0.015,50.000,15432
1470876.0,8.767,-0.015,50.000,15453
1475130.0,8.792,-0.015,50.000,15474
1473276.0,8.781,-0.015,50.000,15495
1480270.0,8.823,-0.015,50.000,15516
1479960.0,8.821,-0.015,50.000,15537
1485314.0,8.853,-0.014,50.000,15558
1479049.0,8.816,-0.015,50.000,15579
1476392.0,8.800,-0.015,50.000,15600
1477522.0,8.807,-0.015,50.000,15621
1480037.0,8.822,-0.015,50.000,15642
1476921.0,8.803,-0.015,50.000,15663
1483058.0,8.840,-0.015,50.000,15684
1483797.0,8.844,-0.014,50.000,15705
1481735.0,8.832,-0.015,50.000,15726
1481922.0,8.833,-0.015,50.000,15747
1493638.0,8.903,-0.014,50.000,15768
1488374.0,8.871,-0.014,50.000,15789
1487918.0,8.869,-0.014,50.000,15810
1492168.0,8.894,-0.014,50.000,15831
1497435.0,8.925,-0.013,50.000,15852
1488407.0,8.872,-0.014,50.000,15873
1490259.0,8.883,-0.014,50.000,15894
1496344.0,8.919,-0.014,50.000,15915
1494056.0,8.905,-0.014,50.000,15936
1489695.0,8.879,-0.014,50.000,15957
1488461.0,8.872,-0.014,50.000,15978
1490754.0,8.886,-0.014,50.000,15999
1495129.0,8.912,-0.014,50.000,16020
1499074.0,8.935,-0.013,50.000,16041
1491163.0,8.888,-0.014,50.000,16062
1491396.0,8.889,-0.014,50.000,16083
1495059.0,8.911,-0.014,50.000,16104
1491090.0,8.888,-0.014,50.000,16125
1493150.0,8.900,-0.014,50.000,16146
1494055.0,8.905,-0.014,50.000,16167
1495831.0,8.916,-0.014,50.000,16188
1504834.0,8.970,-0.013,50.000,16209
1516527.0,9.039,-0.012,50.000,16230
1541711.0,9.189,-0.010,50.000,16251
1522352.0,9.074,-0.012,50.000,16272
1512734.0,9.017,-0.012,50.000,16293
1508693.0,8.993,-0.013,50.000,16314
1505687.0,8.975,-0.013,50.000,16335
1503098.0,8.959,-0.013,50.000,16356
1516193.0,9.037,-0.012,50.000,16377
1519765.0,9.059,-0.012,50.000,16398
1508814.0,8.993,-0.013,50.000,16419
1512419.0,9.015,-0.012,50.000,16440
1527335.0,9.104,-0.011,50.000,16461
1546927.0,9.220,-0.010,50.000,16482
1539056.0,9.173,-0.010,50.000,16503
1542503.0,9.194,-0.010,50.000,16524
1550022.0,9.239,-0.010,50.000,16545
1565461.0,9.331,-0.008,50.000,16566
1557021.0,9.281,-0.009,50.000,16587
1566890.0,9.339,-0.008,50.000,16608
1574292.0,9.384,-0.008,50.000,16629
1590734.0,9.482,-0.006,50.000,16650
1584206.0,9.443,-0.007,50.000,16671
1595336.0,9.509,-0.006,50.000,16692
1604561.0,9.564,-0.005,50.000,16713
1612935.0,9.614,-0.005,50.000,16734
1610549.0,9.600,-0.005,50.000,16755
1624204.0,9.681,-0.004,50.000,16776
1634812.0,9.744,-0.003,50.000,16797
1633651.0,9.737,-0.003,50.000,16818
1636640.0,9.755,-0.003,50.000,16839
1651891.0,9.846,-0.002,50.000,16860
1665442.0,9.927,-0.001,50.000,16881
1656956.0,9.876,-0.002,50.000,16902
1664243.0,9.920,-0.001,50.000,16923
1676595.0,9.993,-0.000,50.000,16944
1693673.0,10.095,0.001,50.000,16965
1682364.0,10.028,0.000,50.000,16986
1691156.0,10.080,0.001,50.000,17007
1701075.0,10.139,0.002,50.000,17028
1716149.0,10.229,0.003,50.000,17049
1710418.0,10.195,0.002,50.000,17070
1722459.0,10.267,0.003,50.000,17091
1732633.0,10.327,0.004,50.000,17112
1736239.0,10.349,0.004,50.000,17133
1735989.0,10.347,0.004,50.000,17154
1751114.0,10.437,0.005,50.000,17175
1762329.0,10.504,0.006,50.000,17196
1755640.0,10.464,0.006,50.000,17217
1761218.0,10.498,0.006,50.000,17238
1774891.0,10.579,0.007,50.000,17259
1790964.0,10.675,0.008,50.000,17280
1779755.0,10.608,0.008,50.000,17301
1787910.0,10.657,0.008,50.000,17322
1808112.0,10.777,0.010,50.000,17343
1830991.0,10.914,0.011,50.000,17364
1807806.0,10.775,0.010,50.000,17385
1802216.0,10.742,0.009,50.000,17406
1809009.0,10.783,0.010,50.000,17427
1820332.0,10.850,0.011,50.000,17448
1820760.0,10.853,0.011,50.000,17469
1829550.0,10.905,0.011,50.000,17490
1840728.0,10.972,0.012,50.000,17511
1838875.0,10.961,0.012,50.000,17532
1847338.0,11.011,0.013,50.000,17553
1862985.0,11.104,0.014,50.000,17574
1879377.0,11.202,0.015,50.000,17595
1869291.0,11.142,0.014,50.000,17616
1879652.0,11.204,0.015,50.000,17637
1889299.0,11.261,0.016,50.000,17658
1907632.0,11.370,0.017,50.000,17679
1902148.0,11.338,0.017,50.000,17700
1921289.0,11.452,0.018,50.000,17721
1924485.0,11.471,0.018,50.000,17742
1924470.0,11.471,0.018,50.000,17763
1925401.0,11.476,0.018,50.000,17784
1939680.0,11.561,0.020,50.000,17805
1950526.0,11.626,0.020,50.000,17826
1941427.0,11.572,0.020,50.000,17847
1950362.0,11.625,0.020,50.000,17868
1962686.0,11.699,0.021,50.000,17889
1980103.0,11.802,0.023,50.000,17910
1968915.0,11.736,0.022,50.000,17931
1978868.0,11.795,0.022,50.000,17952
1987020.0,11.844,0.023,50.000,17973
1997871.0,11.908,0.024,50.000,17994
1997260.0,11.905,0.024,50.000,18015
2011038.0,11.987,0.025,50.000,18036
2021835.0,12.051,0.026,50.000,18057
2018557.0,12.032,0.025,50.000,18078
2025653.0,12.074,0.026,50.000,18099
2039989.0,12.159,0.027,50.000,18120
2049613.0,12.217,0.028,50.000,18141
2041695.0,12.169,0.027,50.000,18162
2051935.0,12.230,0.028,50.000,18183
2061633.0,12.288,0.029,50.000,18204
2074936.0,12.368,0.030,50.000,18225
2070930.0,12.344,0.029,50.000,18246
2085037.0,12.428,0.030,50.000,18267
2096281.0,12.495,0.031,50.000,18288
2091629.0,12.467,0.031,50.000,18309
2097675.0,12.503,0.031,50.000,18330
2112909.0,12.594,0.032,50.000,18351
2130565.0,12.699,0.034,50.000,18372
2118970.0,12.630,0.033,50.000,18393
2128749.0,12.688,0.034,50.000,18414
2138331.0,12.745,0.034,50.000,18435
2151544.0,12.824,0.035,50.000,18456
2149452.0,12.812,0.035,50.000,18477
2162841.0,12.892,0.036,50.000,18498
2173939.0,12.958,0.037,50.000,18519
2167448.0,12.919,0.036,50.000,18540
2174717.0,12.962,0.037,50.000,18561
2188395.0,13.044,0.038,50.000,18582
2206303.0,13.151,0.039,50.000,18603
2194629.0,13.081,0.039,50.000,18624
2205275.0,13.144,0.039,50.000,18645
2214090.0,13.197,0.040,50.000,18666
2224953.0,13.262,0.041,50.000,18687
2223417.0,13.253,0.041,50.000,18708
2238154.0,13.340,0.042,50.000,18729
2249849.0,13.410,0.043,50.000,18750
2240640.0,13.355,0.042,50.000,18771
2249597.0,13.409,0.043,50.000,18792
2262478.0,13.485,0.044,50.000,18813
2280289.0,13.592,0.045,50.000,18834
2270360.0,13.532,0.044,50.000,18855
2281367.0,13.598,0.045,50.000,18876
2290955.0,13.655,0.046,50.000,18897
2294438.0,13.676,0.046,50.000,18918
2297978.0,13.697,0.046,50.000,18939
2312062.0,13.781,0.047,50.000,18960
2327402.0,13.872,0.048,50.000,18981
2315367.0,13.801,0.048,50.000,19002
2324688.0,13.856,0.048,50.000,19023
2336440.0,13.926,0.049,50.000,19044
2350617.0,14.011,0.050,50.000,19065
2346184.0,13.984,0.050,50.000,19086
2358608.0,14.058,0.051,50.000,19107
2368760.0,14.119,0.051,50.000,19128
2363538.0,14.088,0.051,50.000,19149
2370746.0,14.131,0.052,50.000,19170
2384448.0,14.212,0.053,50.000,19191
2401896.0,14.316,0.054,50.000,19212
2391395.0,14.254,0.053,50.000,19233
2402074.0,14.317,0.054,50.000,19254
2410310.0,14.367,0.055,50.000,19275
2415189.0,14.396,0.055,50.000,19296
2417461.0,14.409,0.055,50.000,19317
2431895.0,14.495,0.056,50.000,19338
2445621.0,14.577,0.057,50.000,19359
2434583.0,14.511,0.056,50.000,19380
2443727.0,14.566,0.057,50.000,19401
2454229.0,14.628,0.058,50.000,19422
2467766.0,14.709,0.059,50.000,19443
2464077.0,14.687,0.059,50.000,19464
2477734.0,14.768,0.060,50.000,19485
2487617.0,14.827,0.060,50.000,19506
2479943.0,14.782,0.060,50.000,19527
2489574.0,14.839,0.060,50.000,19548
2501877.0,14.912,0.061,50.000,19569
2519718.0,15.019,0.063,50.000,19590
2509686.0,14.959,0.062,50.000,19611
2521418.0,15.029,0.063,50.000,19632
2530642.0,15.084,0.064,50.000,19653
2529188.0,15.075,0.063,50.000,19674
2535635.0,15.114,0.064,50.000,19695
2549197.0,15.194,0.065,50.000,19716
2566322.0,15.296,0.066,50.000,19737
2554512.0,15.226,0.065,50.000,19758
2563616.0,15.280,0.066,50.000,19779
2573247.0,15.338,0.067,50.000,19800
2579391.0,15.374,0.067,50.000,19821
2581653.0,15.388,0.067,50.000,19842
2594745.0,15.466,0.068,50.000,19863
2606484.0,15.536,0.069,50.000,19884
2594597.0,15.465,0.068,50.000,19905
2603686.0,15.519,0.069,50.000,19926
2614422.0,15.583,0.070,50.000,19947
2627764.0,15.663,0.071,50.000,19968
2624728.0,15.645,0.071,50.000,19989
2637932.0,15.723,0.072,50.000,20010
2649072.0,15.790,0.072,50.000,20031
2639029.0,15.730,0.072,50.000,20052
2648608.0,15.787,0.072,50.000,20073
2659672.0,15.853,0.073,50.000,20094
2675095.0,15.945,0.074,50.000,20115
2668526.0,15.906,0.074,50.000,20136
2681792.0,15.985,0.075,50.000,20157
2690935.0,16.039,0.075,50.000,20178
2684413.0,16.000,0.075,50.000,20199
2691415.0,16.042,0.076,50.000,20220
2704780.0,16.122,0.077,50.000,20241
2721277.0,16.220,0.078,50.000,20262
2709846.0,16.152,0.077,50.000,20283
2722306.0,16.226,0.078,50.000,20304
2730936.0,16.278,0.078,50.000,20325
2727448.0,16.257,0.078,50.000,20346
2734354.0,16.298,0.079,50.000,20367
2747048.0,16.374,0.080,50.000,20388
2765217.0,16.482,0.081,50.000,20409
2754904.0,16.421,0.080,50.000,20430
2765449.0,16.483,0.081,50.000,20451
2773687.0,16.532,0.082,50.000,20472
2771245.0,16.518,0.081,50.000,20493
2778526.0,16.561,0.082,50.000,20514
2792009.0,16.642,0.083,50.000,20535
2809275.0,16.745,0.084,50.000,20556
2797603.0,16.675,0.083,50.000,20577
2808098.0,16.738,0.084,50.000,20598
2816443.0,16.787,0.085,50.000,20619
2814508.0,16.776,0.085,50.000,20640
2822459.0,16.823,0.085,50.000,20661
2835312.0,16.900,0.086,50.000,20682
2851861.0,16.998,0.087,50.000,20703
2839791.0,16.926,0.087,50.000,20724
2850802.0,16.992,0.087,50.000,20745
2859542.0,17.044,0.088,50.000,20766
2858909.0,17.040,0.088,50.000,20787
2865156.0,17.078,0.088,50.000,20808
2878747.0,17.159,0.089,50.000,20829
2894738.0,17.254,0.091,50.000,20850
2882820.0,17.183,0.090,50.000,20871
2892073.0,17.238,0.090,50.000,20892
2901164.0,17.292,0.091,50.000,20913
2900550.0,17.289,0.091,50.000,20934
2907096.0,17.328,0.092,50.000,20955
2920768.0,17.409,0.093,50.000,20976
2935825.0,17.499,0.094,50.000,20997
2924312.0,17.430,0.093,50.000,21018
2934918.0,17.493,0.094,50.000,21039
2944142.0,17.548,0.094,50.000,21060
2941575.0,17.533,0.094,50.000,21081
2949011.0,17.577,0.095,50.000,21102
2962047.0,17.655,0.096,50.000,21123
2978788.0,17.755,0.097,50.000,21144
2966926.0,17.684,0.096,50.000,21165
2978525.0,17.753,0.097,50.000,21186
2986528.0,17.801,0.098,50.000,21207
2983640.0,17.784,0.097,50.000,21228
2990605.0,17.825,0.098,50.000,21249
3003190.0,17.900,0.099,50.000,21270
3018665.0,17.993,0.100,50.000,21291
3008345.0,17.931,0.099,50.000,21312
3019852.0,18.000,0.100,50.000,21333
3028747.0,18.053,0.101,50.000,21354
3022812.0,18.017,0.100,50.000,21375
3031037.0,18.066,0.101,50.000,21396
3042513.0,18.135,0.102,50.000,21417
3057193.0,18.222,0.103,50.000,21438
3049814.0,18.178,0.102,50.000,21459
3061648.0,18.249,0.103,50.000,21480
3072276.0,18.312,0.104,50.000,21501
3062278.0,18.253,0.103,50.000,21522
3070280.0,18.300,0.104,50.000,21543
3080728.0,18.363,0.105,50.000,21564
3094776.0,18.446,0.106,50.000,21585
3089717.0,18.416,0.105,50.000,21606
3101578.0,18.487,0.106,50.000,21627
3112955.0,18.555,0.107,50.000,21648
3098976.0,18.471,0.106,50.000,21669
3107629.0,18.523,0.107,50.000,21690
3117216.0,18.580,0.107,50.000,21711
3127025.0,18.639,0.108,50.000,21732
3126751.0,18.637,0.108,50.000,21753
3139487.0,18.713,0.109,50.000,21774
3152663.0,18.791,0.110,50.000,21795
3139650.0,18.714,0.109,50.000,21816
3147966.0,18.763,0.110,50.000,21837
3157165.0,18.818,0.110,50.000,21858
3162227.0,18.848,0.111,50.000,21879
3166125.0,18.872,0.111,50.000,21900
3178625.0,18.946,0.112,50.000,21921
3193859.0,19.037,0.113,50.000,21942
3180048.0,18.955,0.112,50.000,21963
3189354.0,19.010,0.113,50.000,21984
3195507.0,19.047,0.113,50.000,22005
3193338.0,19.034,0.113,50.000,22026
3200717.0,19.078,0.113,50.000,22047
3213113.0,19.152,0.114,50.000,22068
3227889.0,19.240,0.115,50.000,22089
3217067.0,19.175,0.115,50.000,22110
3227900.0,19.240,0.115,50.000,22131
3236357.0,19.290,0.116,50.000,22152
3229562.0,19.250,0.116,50.000,22173
3237964.0,19.300,0.116,50.000,22194
3249534.0,19.369,0.117,50.000,22215
3261477.0,19.440,0.118,50.000,22236
3257236.0,19.415,0.118,50.000,22257
3270033.0,19.491,0.119,50.000,22278
3281165.0,19.557,0.119,50.000,22299
3269546.0,19.488,0.119,50.000,22320
3277737.0,19.537,0.119,50.000,22341
3286869.0,19.591,0.120,50.000,22362
3294167.0,19.635,0.120,50.000,22383
3296503.0,19.649,0.121,50.000,22404
3309467.0,19.726,0.122,50.000,22425
3323262.0,19.808,0.123,50.000,22446
3311886.0,19.740,0.122,50.000,22467
3319985.0,19.789,0.122,50.000,22488
3328059.0,19.837,0.123,50.000,22509
3327032.0,19.831,0.123,50.000,22530
3333558.0,19.870,0.123,50.000,22551
3345500.0,19.941,0.124,50.000,22572
3360374.0,20.029,0.125,50.000,22593
3351282.0,19.975,0.125,50.000,22614
3361990.0,20.039,0.125,50.000,22635
3369353.0,20.083,0.126,50.000,22656
3360294.0,20.029,0.125,50.000,22677
3368718.0,20.079,0.126,50.000,22698
3378317.0,20.136,0.127,50.000,22719
3390034.0,20.206,0.128,50.000,22740
3388084.0,20.195,0.127,50.000,22761
3400787.0,20.270,0.128,50.000,22782
3413482.0,20.346,0.129,50.000,22803
3401092.0,20.272,0.128,50.000,22824
3408938.0,20.319,0.129,50.000,22845
3416435.0,20.364,0.130,50.000,22866
3418743.0,20.377,0.130,50.000,22887
3424481.0,20.411,0.130,50.000,22908
3436004.0,20.480,0.131,50.000,22929
3451795.0,20.574,0.132,50.000,22950
3440619.0,20.508,0.131,50.000,22971
3450980.0,20.569,0.132,50.000,22992
3458831.0,20.616,0.133,50.000,23013
3452106.0,20.576,0.132,50.000,23034
3458063.0,20.612,0.133,50.000,23055
3468335.0,20.673,0.133,50.000,23076
3480156.0,20.743,0.134,50.000,23097
3476029.0,20.719,0.134,50.000,23118
3489198.0,20.797,0.135,50.000,23139
3501120.0,20.868,0.136,50.000,23160
3488451.0,20.793,0.135,50.000,23181
3497029.0,20.844,0.136,50.000,23202
3505619.0,20.895,0.136,50.000,23223
3507592.0,20.907,0.136,50.000,23244
3513146.0,20.940,0.137,50.000,23265
3525058.0,21.011,0.138,50.000,23286
3540839.0,21.105,0.139,50.000,23307
3529522.0,21.038,0.138,50.000,23328
3539650.0,21.098,0.139,50.000,23349
3548270.0,21.149,0.139,50.000,23370
3540683.0,21.104,0.139,50.000,23391
3548684.0,21.152,0.139,50.000,23412
3558825.0,21.212,0.140,50.000,23433
3570265.0,21.280,0.141,50.000,23454
3567895.0,21.266,0.141,50.000,23475
3579888.0,21.338,0.142,50.000,23496
3593306.0,21.418,0.143,50.000,23517
3579404.0,21.335,0.142,50.000,23538
3587664.0,21.384,0.142,50.000,23559
3595987.0,21.434,0.143,50.000,23580
3595815.0,21.433,0.143,50.000,23601
3602437.0,21.472,0.143,50.000,23622
3613982.0,21.541,0.144,50.000,23643
3628953.0,21.630,0.145,50.000,23664
3619426.0,21.573,0.145,50.000,23685
3630885.0,21.642,0.146,50.000,23706
3640411.0,21.699,0.146,50.000,23727
3630053.0,21.637,0.145,50.000,23748
3638235.0,21.686,0.146,50.000,23769
3647153.0,21.739,0.147,50.000,23790
3653520.0,21.777,0.147,50.000,23811
3655663.0,21.789,0.147,50.000,23832
3668133.0,21.864,0.148,50.000,23853
3682275.0,21.948,0.149,50.000,23874
3669795.0,21.874,0.148,50.000,23895
3679275.0,21.930,0.149,50.000,23916
3687504.0,21.979,0.150,50.000,23937
3680435.0,21.937,0.149,50.000,23958
3689211.0,21.989,0.150,50.000,23979
3698075.0,22.042,0.151,50.000,24000
3706285.0,22.091,0.151,50.000,24021
3704321.0,22.079,0.151,50.000,24042
3716673.0,22.153,0.152,50.000,24063
3729433.0,22.229,0.153,50.000,24084
3716582.0,22.153,0.152,50.000,24105
3724627.0,22.201,0.153,50.000,24126
3733018.0,22.251,0.153,50.000,24147
3730612.0,22.236,0.153,50.000,24168
3737703.0,22.278,0.153,50.000,24189
3748194.0,22.341,0.154,50.000,24210
3762065.0,22.424,0.155,50.000,24231
3755673.0,22.386,0.155,50.000,24252
3767032.0,22.453,0.156,50.000,24273
3777499.0,22.516,0.156,50.000,24294
3765738.0,22.446,0.156,50.000,24315
3773312.0,22.491,0.156,50.000,24336
3781695.0,22.541,0.157,50.000,24357
3783287.0,22.550,0.157,50.000,24378
3788612.0,22.582,0.157,50.000,24399
3799520.0,22.647,0.158,50.000,24420
3813573.0,22.731,0.159,50.000,24441
3804272.0,22.675,0.158,50.000,24462
3814554.0,22.737,0.159,50.000,24483
3823929.0,22.792,0.160,50.000,24504
3809934.0,22.709,0.159,50.000,24525
3818631.0,22.761,0.160,50.000,24546
3826584.0,22.808,0.160,50.000,24567
3831240.0,22.836,0.160,50.000,24588
3835770.0,22.863,0.161,50.000,24609
3847166.0,22.931,0.162,50.000,24630
3861826.0,23.018,0.163,50.000,24651
3849838.0,22.947,0.162,50.000,24672
3859604.0,23.005,0.163,50.000,24693
3868785.0,23.060,0.163,50.000,24714
3860283.0,23.009,0.163,50.000,24735
3867678.0,23.053,0.163,50.000,24756
3876040.0,23.103,0.164,50.000,24777
3883332.0,23.146,0.164,50.000,24798
3885503.0,23.159,0.164,50.000,24819
3897097.0,23.229,0.165,50.000,24840
3910669.0,23.309,0.166,50.000,24861
3897817.0,23.233,0.165,50.000,24882
3907539.0,23.291,0.166,50.000,24903
3916070.0,23.342,0.167,50.000,24924
3908303.0,23.295,0.166,50.000,24945
3916246.0,23.343,0.167,50.000,24966
3924857.0,23.394,0.167,50.000,24987
3932852.0,23.442,0.168,50.000,25008
3933297.0,23.444,0.168,50.000,25029
3945027.0,23.514,0.169,50.000,25050
3958907.0,23.597,0.170,50.000,25071
3946840.0,23.525,0.169,50.000,25092
3955571.0,23.577,0.170,50.000,25113
3963892.0,23.627,0.170,50.000,25134
3956499.0,23.583,0.170,50.000,25155
3964137.0,23.628,0.170,50.000,25176
3972689.0,23.679,0.171,50.000,25197
3981066.0,23.729,0.172,50.000,25218
3981774.0,23.733,0.172,50.000,25239
3993499.0,23.803,0.173,50.000,25260
4005962.0,23.877,0.173,50.000,25281
3993821.0,23.805,0.173,50.000,25302
4002689.0,23.858,0.173,50.000,25323
4010035.0,23.902,0.174,50.000,25344
4003525.0,23.863,0.173,50.000,25365
4010990.0,23.907,0.174,50.000,25386
4019252.0,23.957,0.174,50.000,25407
4026546.0,24.000,0.175,50.000,25428
4027475.0,24.006,0.175,50.000,25449
4038969.0,24.074,0.176,50.000,25470
4052371.0,24.154,0.177,50.000,25491
4039862.0,24.079,0.176,50.000,25512
4048214.0,24.129,0.177,50.000,25533
4053766.0,24.162,0.177,50.000,25554
4045854.0,24.115,0.176,50.000,25575
4053281.0,24.159,0.177,50.000,25596
4061038.0,24.206,0.178,50.000,25617
4068858.0,24.252,0.178,50.000,25638
4070124.0,24.260,0.178,50.000,25659
4081146.0,24.326,0.179,50.000,25680
4093793.0,24.401,0.180,50.000,25701
4081712.0,24.329,0.179,50.000,25722
4090774.0,24.383,0.180,50.000,25743
4098822.0,24.431,0.180,50.000,25764
4090687.0,24.382,0.180,50.000,25785
4098499.0,24.429,0.180,50.000,25806
4106104.0,24.474,0.181,50.000,25827
4111404.0,24.506,0.181,50.000,25848
4114515.0,24.524,0.182,50.000,25869
4125453.0,24.590,0.182,50.000,25890
4138580.0,24.668,0.183,50.000,25911
4126969.0,24.599,0.182,50.000,25932
4136897.0,24.658,0.183,50.000,25953
4145589.0,24.710,0.184,50.000,25974
4135498.0,24.649,0.183,50.000,25995
4142713.0,24.692,0.184,50.000,26016
4150621.0,24.740,0.184,50.000,26037
4153122.0,24.755,0.184,50.000,26058
4157864.0,24.783,0.185,50.000,26079
4167743.0,24.842,0.186,50.000,26100
4179496.0,24.912,0.186,50.000,26121
4171296.0,24.863,0.186,50.000,26142
4181346.0,24.923,0.187,50.000,26163
4191716.0,24.985,0.187,50.000,26184
4179647.0,24.913,0.186,50.000,26205
4186580.0,24.954,0.187,50.000,26226
4193880.0,24.997,0.187,50.000,26247
4193201.0,24.993,0.187,50.000,26268
4199353.0,25.030,0.188,50.000,26289
4208918.0,25.087,0.189,50.000,26310
4220303.0,25.155,0.189,50.000,26331
4214469.0,25.120,0.189,50.000,26352
4225209.0,25.184,0.190,50.000,26373
4233775.0,25.235,0.190,50.000,26394
4220010.0,25.153,0.189,50.000,26415
4227967.0,25.201,0.190,50.000,26436
4234675.0,25.241,0.191,50.000,26457
4230357.0,25.215,0.190,50.000,26478
4237663.0,25.258,0.191,50.000,26499
4245767.0,25.307,0.191,50.000,26520
4253930.0,25.355,0.192,50.000,26541
4253625.0,25.354,0.192,50.000,26562
4263844.0,25.414,0.193,50.000,26583
4276954.0,25.493,0.194,50.000,26604
4263813.0,25.414,0.193,50.000,26625
4273095.0,25.470,0.193,50.000,26646
4280766.0,25.515,0.194,50.000,26667
4272430.0,25.466,0.193,50.000,26688
4279303.0,25.507,0.194,50.000,26709
4286709.0,25.551,0.194,50.000,26730
4290689.0,25.575,0.195,50.000,26751
4294456.0,25.597,0.195,50.000,26772
4304496.0,25.657,0.196,50.000,26793
4317254.0,25.733,0.197,50.000,26814
4307575.0,25.675,0.196,50.000,26835
4317868.0,25.737,0.197,50.000,26856
4326954.0,25.791,0.197,50.000,26877
4315021.0,25.720,0.196,50.000,26898
4322178.0,25.762,0.197,50.000,26919
4328970.0,25.803,0.198,50.000,26940
4327703.0,25.795,0.197,50.000,26961
4333959.0,25.832,0.198,50.000,26982
4342934.0,25.886,0.199,50.000,27003
4353453.0,25.949,0.199,50.000,27024
4348855.0,25.921,0.199,50.000,27045
4359193.0,25.983,0.200,50.000,27066
4371733.0,26.058,0.201,50.000,27087
4358144.0,25.977,0.200,50.000,27108
4365717.0,26.022,0.200,50.000,27129
4373295.0,26.067,0.201,50.000,27150
4365882.0,26.023,0.200,50.000,27171
4372985.0,26.065,0.201,50.000,27192
4379172.0,26.102,0.201,50.000,27213
4381679.0,26.117,0.201,50.000,27234
4384590.0,26.134,0.202,50.000,27255
4394638.0,26.194,0.202,50.000,27276
4407126.0,26.269,0.203,50.000,27297
4396742.0,26.207,0.203,50.000,27318
4406263.0,26.263,0.203,50.000,27339
4416137.0,26.322,0.204,50.000,27360
4403782.0,26.249,0.203,50.000,27381
4411211.0,26.293,0.204,50.000,27402
4417508.0,26.330,0.204,50.000,27423
4415534.0,26.319,0.204,50.000,27444
4422126.0,26.358,0.204,50.000,27465
4429879.0,26.404,0.205,50.000,27486
4440921.0,26.470,0.206,50.000,27507
4437251.0,26.448,0.206,50.000,27528
4447216.0,26.507,0.206,50.000,27549
4459538.0,26.581,0.207,50.000,27570
4446255.0,26.502,0.206,50.000,27591
4453688.0,26.546,0.207,50.000,27612
4461014.0,26.590,0.207,50.000,27633
4453163.0,26.543,0.207,50.000,27654
4455412.0,26.556,0.207,50.000,27675
4462774.0,26.600,0.208,50.000,27696
4466885.0,26.625,0.208,50.000,27717
4470378.0,26.646,0.208,50.000,27738
4479417.0,26.699,0.209,50.000,27759
4491907.0,26.774,0.210,50.000,27780
4482525.0,26.718,0.209,50.000,27801
4492336.0,26.776,0.210,50.000,27822
4502127.0,26.835,0.210,50.000,27843
4490068.0,26.763,0.210,50.000,27864
4496744.0,26.803,0.210,50.000,27885
4503643.0,26.844,0.211,50.000,27906
4499166.0,26.817,0.210,50.000,27927
4505834.0,26.857,0.211,50.000,27948
4512988.0,26.900,0.211,50.000,27969
4520384.0,26.944,0.212,50.000,27990
4520296.0,26.943,0.212,50.000,28011
4529756.0,26.999,0.212,50.000,28032
4542106.0,27.073,0.213,50.000,28053
4529752.0,26.999,0.212,50.000,28074
4538556.0,27.052,0.213,50.000,28095
4547655.0,27.106,0.214,50.000,28116
4535832.0,27.036,0.213,50.000,28137
4542979.0,27.078,0.213,50.000,28158
4549770.0,27.119,0.214,50.000,28179
4547268.0,27.104,0.214,50.000,28200
4553725.0,27.142,0.214,50.000,28221
4560975.0,27.186,0.215,50.000,28242
4569898.0,27.239,0.215,50.000,28263
4566864.0,27.221,0.215,50.000,28284
4576707.0,27.279,0.216,50.000,28305
4588319.0,27.349,0.217,50.000,28326
4575163.0,27.270,0.216,50.000,28347
4583585.0,27.320,0.217,50.000,28368
4590904.0,27.364,0.217,50.000,28389
4580961.0,27.305,0.216,50.000,28410
4587135.0,27.341,0.217,50.000,28431
4593774.0,27.381,0.217,50.000,28452
4593888.0,27.382,0.217,50.000,28473
4599091.0,27.413,0.218,50.000,28494
4607169.0,27.461,0.218,50.000,28515
4617543.0,27.523,0.219,50.000,28536
4611428.0,27.486,0.219,50.000,28557
4621294.0,27.545,0.219,50.000,28578
4631515.0,27.606,0.220,50.000,28599
4617411.0,27.522,0.219,50.000,28620
4624683.0,27.565,0.220,50.000,28641
4631250.0,27.604,0.220,50.000,28662
4624177.0,27.562,0.220,50.000,28683
4630833.0,27.602,0.220,50.000,28704
4636486.0,27.636,0.220,50.000,28725
4640497.0,27.660,0.221,50.000,28746
4643404.0,27.677,0.221,50.000,28767
4651898.0,27.727,0.222,50.000,28788
4663219.0,27.795,0.222,50.000,28809
4653496.0,27.737,0.222,50.000,28830
4662556.0,27.791,0.222,50.000,28851
4671555.0,27.845,0.223,50.000,28872
4658762.0,27.768,0.222,50.000,28893
4665044.0,27.806,0.223,50.000,28914
4670875.0,27.841,0.223,50.000,28935
4666105.0,27.812,0.223,50.000,28956
4672156.0,27.848,0.223,50.000,28977
4678351.0,27.885,0.224,50.000,28998
4683538.0,27.916,0.224,50.000,29019
4684855.0,27.924,0.224,50.000,29040
4693655.0,27.976,0.225,50.000,29061
4704903.0,28.043,0.226,50.000,29082
4694147.0,27.979,0.225,50.000,29103
4702873.0,28.031,0.225,50.000,29124
4712268.0,28.087,0.226,50.000,29145
4699282.0,28.010,0.225,50.000,29166
4705429.0,28.047,0.226,50.000,29187
4711156.0,28.081,0.226,50.000,29208
4706171.0,28.051,0.226,50.000,29229
4712272.0,28.087,0.226,50.000,29250
4717931.0,28.121,0.227,50.000,29271
4723717.0,28.156,0.227,50.000,29292
4723714.0,28.156,0.227,50.000,29313
4732185.0,28.206,0.228,50.000,29334
4743125.0,28.271,0.228,50.000,29355
4729381.0,28.189,0.227,50.000,29376
4737492.0,28.238,0.228,50.000,29397
4745115.0,28.283,0.229,50.000,29418
4731966.0,28.205,0.228,50.000,29439
4737563.0,28.238,0.228,50.000,29460
4743452.0,28.273,0.228,50.000,29481
4738910.0,28.246,0.228,50.000,29502
4744189.0,28.278,0.228,50.000,29523
4750497.0,28.315,0.229,50.000,29544
4755373.0,28.344,0.229,50.000,29565
4756004.0,28.348,0.229,50.000,29586
4764331.0,28.398,0.230,50.000,29607
4775305.0,28.463,0.231,50.000,29628
4763945.0,28.395,0.230,50.000,29649
4772356.0,28.445,0.231,50.000,29670
4780766.0,28.496,0.231,50.000,29691
4767765.0,28.418,0.230,50.000,29712
4773532.0,28.452,0.231,50.000,29733
4776628.0,28.471,0.231,50.000,29754
4769738.0,28.430,0.230,50.000,29775
4774574.0,28.459,0.231,50.000,29796
4781379.0,28.499,0.231,50.000,29817
4784549.0,28.518,0.231,50.000,29838
4786456.0,28.530,0.232,50.000,29859
4794651.0,28.578,0.232,50.000,29880
4804049.0,28.634,0.233,50.000,29901
4794917.0,28.580,0.232,50.000,29922
4803550.0,28.631,0.233,50.000,29943
4813417.0,28.690,0.234,50.000,29964
4799011.0,28.604,0.233,50.000,29985
4805273.0,28.642,0.233,50.000,30006
4811491.0,28.679,0.233,50.000,30027
4804049.0,28.634,0.233,50.000,30048
4809511.0,28.667,0.233,50.000,30069
4815299.0,28.701,0.234,50.000,30090
4815818.0,28.705,0.234,50.000,30111
4819471.0,28.726,0.234,50.000,30132
4826703.0,28.769,0.235,50.000,30153
4835993.0,28.825,0.235,50.000,30174
4829076.0,28.784,0.235,50.000,30195
4837821.0,28.836,0.235,50.000,30216
4846612.0,28.888,0.236,50.000,30237
4831478.0,28.798,0.235,50.000,30258
4835759.0,28.823,0.235,50.000,30279
4841888.0,28.860,0.236,50.000,30300
4832001.0,28.801,0.235,50.000,30321
4836774.0,28.829,0.235,50.000,30342
4841526.0,28.858,0.236,50.000,30363
4840587.0,28.852,0.236,50.000,30384
4845079.0,28.879,0.236,50.000,30405
4850759.0,28.913,0.236,50.000,30426
4858039.0,28.956,0.237,50.000,30447
4853662.0,28.930,0.237,50.000,30468
4862005.0,28.980,0.237,50.000,30489
4871919.0,29.039,0.238,50.000,30510
4857650.0,28.954,0.237,50.000,30531
4865087.0,28.998,0.237,50.000,30552
4871427.0,29.036,0.238,50.000,30573
4859529.0,28.965,0.237,50.000,30594
4864676.0,28.996,0.237,50.000,30615
4869343.0,29.024,0.238,50.000,30636
4865502.0,29.001,0.238,50.000,30657
4870727.0,29.032,0.238,50.000,30678
4875972.0,29.063,0.238,50.000,30699
4881007.0,29.093,0.239,50.000,30720
4879544.0,29.084,0.239,50.000,30741
4887573.0,29.132,0.239,50.000,30762
4896857.0,29.188,0.240,50.000,30783
4885037.0,29.117,0.239,50.000,30804
4892333.0,29.161,0.240,50.000,30825
4900154.0,29.207,0.240,50.000,30846
4886475.0,29.126,0.239,50.000,30867
4891155.0,29.154,0.239,50.000,30888
4896452.0,29.185,0.240,50.000,30909
4890154.0,29.148,0.239,50.000,30930
4895085.0,29.177,0.240,50.000,30951
4899374.0,29.203,0.240,50.000,30972
4902098.0,29.219,0.240,50.000,30993
4903043.0,29.224,0.240,50.000,31014
4909815.0,29.265,0.241,50.000,31035
4918761.0,29.318,0.241,50.000,31056
4908178.0,29.255,0.241,50.000,31077
4915420.0,29.298,0.241,50.000,31098
4924536.0,29.353,0.242,50.000,31119
4908756.0,29.258,0.241,50.000,31140
4914900.0,29.295,0.241,50.000,31161
4920040.0,29.326,0.242,50.000,31182
4910936.0,29.271,0.241,50.000,31203
4915477.0,29.299,0.241,50.000,31224
4919223.0,29.321,0.242,50.000,31245
4919133.0,29.320,0.242,50.000,31266
4922133.0,29.338,0.242,50.000,31287
4928133.0,29.374,0.242,50.000,31308
4934898.0,29.414,0.243,50.000,31329
4927744.0,29.372,0.242,50.000,31350
4934916.0,29.414,0.243,50.000,31371
4944393.0,29.471,0.243,50.000,31392
4929521.0,29.382,0.242,50.000,31413
4935247.0,29.416,0.243,50.000,31434
4941511.0,29.454,0.243,50.000,31455
4929063.0,29.380,0.242,50.000,31476
4933703.0,29.407,0.243,50.000,31497
4937567.0,29.430,0.243,50.000,31518
4933000.0,29.403,0.243,50.000,31539
4937320.0,29.429,0.243,50.000,31560
4941030.0,29.451,0.243,50.000,31581
4945015.0,29.475,0.243,50.000,31602
4943017.0,29.463,0.243,50.000,31623
4949453.0,29.501,0.244,50.000,31644
4957998.0,29.552,0.244,50.000,31665
4945297.0,29.476,0.243,50.000,31686
4952210.0,29.517,0.244,50.000,31707
4959128.0,29.559,0.244,50.000,31728
4943821.0,29.467,0.243,50.000,31749
4948755.0,29.497,0.244,50.000,31770
4952901.0,29.522,0.244,50.000,31791
4944100.0,29.469,0.243,50.000,31812
4947428.0,29.489,0.244,50.000,31833
4951284.0,29.512,0.244,50.000,31854
4949877.0,29.504,0.244,50.000,31875
4951293.0,29.512,0.244,50.000,31896
4955570.0,29.538,0.244,50.000,31917
4961681.0,29.574,0.245,50.000,31938
4953547.0,29.525,0.244,50.000,31959
4959045.0,29.558,0.244,50.000,31980
4966745.0,29.604,0.245,50.000,32001
4950758.0,29.509,0.244,50.000,32022
4954920.0,29.534,0.244,50.000,32043
4959828.0,29.563,0.245,50.000,32064
4945769.0,29.479,0.243,50.000,32085
4948072.0,29.493,0.244,50.000,32106
4950139.0,29.505,0.244,50.000,32127
4944268.0,29.470,0.243,50.000,32148
4946493.0,29.483,0.244,50.000,32169
4948585.0,29.496,0.244,50.000,32190
4951409.0,29.513,0.244,50.000,32211
4946421.0,29.483,0.244,50.000,32232
4950862.0,29.509,0.244,50.000,32253
4957584.0,29.550,0.244,50.000,32274
4942028.0,29.457,0.243,50.000,32295
4946227.0,29.482,0.244,50.000,32316
4951220.0,29.512,0.244,50.000,32337
4934450.0,29.412,0.243,50.000,32358
4936899.0,29.426,0.243,50.000,32379
4939227.0,29.440,0.243,50.000,32400
4930113.0,29.386,0.242,50.000,32421
4931901.0,29.396,0.242,50.000,32442
4933567.0,29.406,0.243,50.000,32463
4932211.0,29.398,0.242,50.000,32484
4930826.0,29.390,0.242,50.000,32505
4933793.0,29.408,0.243,50.000,32526
4939714.0,29.443,0.243,50.000,32547
4927248.0,29.369,0.242,50.000,32568
4932041.0,29.397,0.242,50.000,32589
4937379.0,29.429,0.243,50.000,32610
4919672.0,29.324,0.242,50.000,32631
4922548.0,29.341,0.242,50.000,32652
4925569.0,29.359,0.242,50.000,32673
4912740.0,29.282,0.241,50.000,32694
4914019.0,29.290,0.241,50.000,32715
4915451.0,29.298,0.241,50.000,32736
4909587.0,29.263,0.241,50.000,32757
4910534.0,29.269,0.241,50.000,32778
4903050.0,29.224,0.240,50.000,32799
4898883.0,29.200,0.240,50.000,32820
4892205.0,29.160,0.239,50.000,32841
4884980.0,29.117,0.239,50.000,32862
4872591.0,29.043,0.238,50.000,32883
4869582.0,29.025,0.238,50.000,32904
4860960.0,28.974,0.237,50.000,32925
4850346.0,28.910,0.236,50.000,32946
4842832.0,28.866,0.236,50.000,32967
4839648.0,28.847,0.236,50.000,32988
4825606.0,28.763,0.235,50.000,33009
4815609.0,28.703,0.234,50.000,33030
4810727.0,28.674,0.233,50.000,33051
4799530.0,28.607,0.233,50.000,33072
4791491.0,28.560,0.232,50.000,33093
4783375.0,28.511,0.231,50.000,33114
4774304.0,28.457,0.231,50.000,33135
4765202.0,28.403,0.230,50.000,33156
4759567.0,28.369,0.230,50.000,33177
4746817.0,28.293,0.229,50.000,33198
4738184.0,28.242,0.228,50.000,33219
4730028.0,28.193,0.227,50.000,33240
4719353.0,28.130,0.227,50.000,33261
4711783.0,28.084,0.226,50.000,33282
4701211.0,28.021,0.225,50.000,33303
4691563.0,27.964,0.225,50.000,33324
4683052.0,27.913,0.224,50.000,33345
4672709.0,27.852,0.223,50.000,33366
4664823.0,27.805,0.223,50.000,33387
4654682.0,27.744,0.222,50.000,33408
4645174.0,27.687,0.221,50.000,33429
4636618.0,27.636,0.220,50.000,33450
4625971.0,27.573,0.220,50.000,33471
4616795.0,27.518,0.219,50.000,33492
4607579.0,27.463,0.218,50.000,33513
4597480.0,27.403,0.218,50.000,33534
4589306.0,27.354,0.217,50.000,33555
4579294.0,27.295,0.216,50.000,33576
4569417.0,27.236,0.215,50.000,33597
4559842.0,27.179,0.215,50.000,33618
4549823.0,27.119,0.214,50.000,33639
4540660.0,27.064,0.213,50.000,33660
4530942.0,27.007,0.213,50.000,33681
4520258.0,26.943,0.212,50.000,33702
4510895.0,26.887,0.211,50.000,33723
4500795.0,26.827,0.210,50.000,33744
4491001.0,26.768,0.210,50.000,33765
4482226.0,26.716,0.209,50.000,33786
4471003.0,26.649,0.208,50.000,33807
4461267.0,26.591,0.207,50.000,33828
4451196.0,26.531,0.207,50.000,33849
4440944.0,26.470,0.206,50.000,33870
4432359.0,26.419,0.205,50.000,33891
4420612.0,26.349,0.204,50.000,33912
4410281.0,26.287,0.204,50.000,33933
4400819.0,26.231,0.203,50.000,33954
4390027.0,26.167,0.202,50.000,33975
4381141.0,26.114,0.201,50.000,33996
4371362.0,26.055,0.201,50.000,34017
4361898.0,25.999,0.200,50.000,34038
4353056.0,25.946,0.199,50.000,34059
4342849.0,25.885,0.199,50.000,34080
4335293.0,25.840,0.198,50.000,34101
4324776.0,25.778,0.197,50.000,34122
4315765.0,25.724,0.197,50.000,34143
4307185.0,25.673,0.196,50.000,34164
4299459.0,25.627,0.195,50.000,34185
4296542.0,25.609,0.195,50.000,34206
4292529.0,25.585,0.195,50.000,34227
4289870.0,25.570,0.195,50.000,34248
4286606.0,25.550,0.194,50.000,34269
4281767.0,25.521,0.194,50.000,34290
4277391.0,25.495,0.194,50.000,34311
4270104.0,25.452,0.193,50.000,34332
4264090.0,25.416,0.193,50.000,34353
4260110.0,25.392,0.192,50.000,34374
4255917.0,25.367,0.192,50.000,34395
4252675.0,25.348,0.192,50.000,34416
4247567.0,25.317,0.191,50.000,34437
4241558.0,25.282,0.191,50.000,34458
4236258.0,25.250,0.191,50.000,34479
4226961.0,25.195,0.190,50.000,34500
4216255.0,25.131,0.189,50.000,34521
4201883.0,25.045,0.188,50.000,34542
4184871.0,24.944,0.187,50.000,34563
4166292.0,24.833,0.185,50.000,34584
4144083.0,24.701,0.184,50.000,34605
4120120.0,24.558,0.182,50.000,34626
4095367.0,24.410,0.180,50.000,34647
4071168.0,24.266,0.178,50.000,34668
4046633.0,24.120,0.176,50.000,34689
4022598.0,23.977,0.175,50.000,34710
3998347.0,23.832,0.173,50.000,34731
3974855.0,23.692,0.171,50.000,34752
3952152.0,23.557,0.169,50.000,34773
3929700.0,23.423,0.168,50.000,34794
3907509.0,23.291,0.166,50.000,34815
3884866.0,23.156,0.164,50.000,34836
3863730.0,23.030,0.163,50.000,34857
3843508.0,22.909,0.161,50.000,34878
3824776.0,22.797,0.160,50.000,34899
3808815.0,22.702,0.159,50.000,34920
3790100.0,22.591,0.157,50.000,34941
3773608.0,22.492,0.156,50.000,34962
3755924.0,22.387,0.155,50.000,34983
3733394.0,22.253,0.153,50.000,35004
3709389.0,22.110,0.151,50.000,35025
3680557.0,21.938,0.149,50.000,35046
3651656.0,21.766,0.147,50.000,35067
3623067.0,21.595,0.145,50.000,35088
3594370.0,21.424,0.143,50.000,35109
3569107.0,21.274,0.141,50.000,35130
3540187.0,21.101,0.139,50.000,35151
3513299.0,20.941,0.137,50.000,35172
3486926.0,20.784,0.135,50.000,35193
3459053.0,20.618,0.133,50.000,35214
3435298.0,20.476,0.131,50.000,35235
3409387.0,20.322,0.129,50.000,35256
3385542.0,20.179,0.127,50.000,35277
3362708.0,20.043,0.126,50.000,35298
3338131.0,19.897,0.124,50.000,35319
3315684.0,19.763,0.122,50.000,35340
3289475.0,19.607,0.120,50.000,35361
3262651.0,19.447,0.118,50.000,35382
3235677.0,19.286,0.116,50.000,35403
3205538.0,19.106,0.114,50.000,35424
3177123.0,18.937,0.112,50.000,35445
3147561.0,18.761,0.110,50.000,35466
3118713.0,18.589,0.107,50.000,35487
3091603.0,18.427,0.105,50.000,35508
3063468.0,18.260,0.103,50.000,35529
3037799.0,18.107,0.101,50.000,35550
3009625.0,17.939,0.099,50.000,35571
2982390.0,17.776,0.097,50.000,35592
2958674.0,17.635,0.095,50.000,35613
2933376.0,17.484,0.094,50.000,35634
2908913.0,17.338,0.092,50.000,35655
2883557.0,17.187,0.090,50.000,35676
2857776.0,17.034,0.088,50.000,35697
2834023.0,16.892,0.086,50.000,35718
2808767.0,16.742,0.084,50.000,35739
2783691.0,16.592,0.082,50.000,35760
2758137.0,16.440,0.080,50.000,35781
2732686.0,16.288,0.079,50.000,35802
2707782.0,16.140,0.077,50.000,35823
2683440.0,15.995,0.075,50.000,35844
2658322.0,15.845,0.073,50.000,35865
2634341.0,15.702,0.071,50.000,35886
2611140.0,15.564,0.070,50.000,35907
2587039.0,15.420,0.068,50.000,35928
2563524.0,15.280,0.066,50.000,35949
2541111.0,15.146,0.064,50.000,35970
2518264.0,15.010,0.063,50.000,35991
2497174.0,14.884,0.061,50.000,36012
2474498.0,14.749,0.059,50.000,36033
2453608.0,14.625,0.058,50.000,36054
2430895.0,14.489,0.056,50.000,36075
2410710.0,14.369,0.055,50.000,36096
2390650.0,14.249,0.053,50.000,36117
2371072.0,14.133,0.052,50.000,36138
2351187.0,14.014,0.050,50.000,36159
2330500.0,13.891,0.049,50.000,36180
2311328.0,13.777,0.047,50.000,36201
2292249.0,13.663,0.046,50.000,36222
2273345.0,13.550,0.044,50.000,36243
2254102.0,13.435,0.043,50.000,36264
2234620.0,13.319,0.041,50.000,36285
2216083.0,13.209,0.040,50.000,36306
2198150.0,13.102,0.039,50.000,36327
2179981.0,12.994,0.037,50.000,36348
2163084.0,12.893,0.036,50.000,36369
2144727.0,12.784,0.035,50.000,36390
2128333.0,12.686,0.034,50.000,36411
2110822.0,12.581,0.032,50.000,36432
2093396.0,12.478,0.031,50.000,36453
2078930.0,12.391,0.030,50.000,36474
2061778.0,12.289,0.029,50.000,36495
2045971.0,12.195,0.027,50.000,36516
2030573.0,12.103,0.026,50.000,36537
2014852.0,12.009,0.025,50.000,36558
2001601.0,11.930,0.024,50.000,36579
1985540.0,11.835,0.023,50.000,36600
1969982.0,11.742,0.022,50.000,36621
1957889.0,11.670,0.021,50.000,36642
1942904.0,11.581,0.020,50.000,36663
1930334.0,11.506,0.019,50.000,36684
1915444.0,11.417,0.018,50.000,36705
1901418.0,11.333,0.017,50.000,36726
1888872.0,11.259,0.016,50.000,36747
1875629.0,11.180,0.015,50.000,36768
1863057.0,11.105,0.014,50.000,36789
1850849.0,11.032,0.013,50.000,36810
1838290.0,10.957,0.012,50.000,36831
1826963.0,10.890,0.011,50.000,36852
1814583.0,10.816,0.010,50.000,36873
1804206.0,10.754,0.009,50.000,36894
1792649.0,10.685,0.009,50.000,36915
1780989.0,10.616,0.008,50.000,36936
1769384.0,10.546,0.007,50.000,36957
1757447.0,10.475,0.006,50.000,36978
1748613.0,10.423,0.005,50.000,36999
1736954.0,10.353,0.004,50.000,37020
1726719.0,10.292,0.004,50.000,37041
1717324.0,10.236,0.003,50.000,37062
1706633.0,10.172,0.002,50.000,37083
1697788.0,10.120,0.001,50.000,37104
1687505.0,10.058,0.001,50.000,37125
1678600.0,10.005,0.000,50.000,37146
1669508.0,9.951,-0.001,50.000,37167
1660030.0,9.895,-0.001,50.000,37188
1651680.0,9.845,-0.002,50.000,37209
1642701.0,9.791,-0.003,50.000,37230
1633573.0,9.737,-0.003,50.000,37251
1625581.0,9.689,-0.004,50.000,37272
1617447.0,9.641,-0.004,50.000,37293
1610799.0,9.601,-0.005,50.000,37314
1600842.0,9.542,-0.006,50.000,37335
1592990.0,9.495,-0.006,50.000,37356
1585360.0,9.449,-0.007,50.000,37377
1578641.0,9.409,-0.007,50.000,37398
1571145.0,9.365,-0.008,50.000,37419
1562624.0,9.314,-0.009,50.000,37440
1556976.0,9.280,-0.009,50.000,37461
1548993.0,9.233,-0.010,50.000,37482
1542867.0,9.196,-0.010,50.000,37503
1536238.0,9.157,-0.011,50.000,37524
1529728.0,9.118,-0.011,50.000,37545
1522789.0,9.077,-0.012,50.000,37566
1517304.0,9.044,-0.012,50.000,37587
1511025.0,9.006,-0.012,50.000,37608
1505021.0,8.971,-0.013,50.000,37629
1498567.0,8.932,-0.013,50.000,37650
1492497.0,8.896,-0.014,50.000,37671
1486755.0,8.862,-0.014,50.000,37692
1481819.0,8.832,-0.015,50.000,37713
1476387.0,8.800,-0.015,50.000,37734
1471352.0,8.770,-0.015,50.000,37755
1466155.0,8.739,-0.016,50.000,37776
1459889.0,8.702,-0.016,50.000,37797
1455597.0,8.676,-0.017,50.000,37818
1450830.0,8.648,-0.017,50.000,37839
1445391.0,8.615,-0.017,50.000,37860
1438835.0,8.576,-0.018,50.000,37881
1437039.0,8.565,-0.018,50.000,37902
1432052.0,8.536,-0.018,50.000,37923
1426213.0,8.501,-0.019,50.000,37944
1422430.0,8.478,-0.019,50.000,37965
1417604.0,8.450,-0.019,50.000,37986
1414278.0,8.430,-0.020,50.000,38007
1410466.0,8.407,-0.020,50.000,38028
1405762.0,8.379,-0.020,50.000,38049
1401796.0,8.355,-0.021,50.000,38070
1397221.0,8.328,-0.021,50.000,38091
1393326.0,8.305,-0.021,50.000,38112
1390953.0,8.291,-0.021,50.000,38133
1386244.0,8.263,-0.022,50.000,38154
1382489.0,8.240,-0.022,50.000,38175
1379811.0,8.224,-0.022,50.000,38196
1375613.0,8.199,-0.023,50.000,38217
1373473.0,8.187,-0.023,50.000,38238
1368357.0,8.156,-0.023,50.000,38259
1366519.0,8.145,-0.023,50.000,38280
1362604.0,8.122,-0.023,50.000,38301
1359187.0,8.101,-0.024,50.000,38322
1358116.0,8.095,-0.024,50.000,38343
1353767.0,8.069,-0.024,50.000,38364
1350818.0,8.052,-0.024,50.000,38385
1348912.0,8.040,-0.024,50.000,38406
1346402.0,8.025,-0.025,50.000,38427
1343761.0,8.009,-0.025,50.000,38448
1338587.0,7.979,-0.025,50.000,38469
1336200.0,7.964,-0.025,50.000,38490
1333622.0,7.949,-0.026,50.000,38511
1331714.0,7.938,-0.026,50.000,38532
1329386.0,7.924,-0.026,50.000,38553
1325714.0,7.902,-0.026,50.000,38574
1323714.0,7.890,-0.026,50.000,38595
1320814.0,7.873,-0.027,50.000,38616
1319471.0,7.865,-0.027,50.000,38637
1316833.0,7.849,-0.027,50.000,38658
1313572.0,7.829,-0.027,50.000,38679
1311492.0,7.817,-0.027,50.000,38700
1309355.0,7.804,-0.027,50.000,38721
1307156.0,7.791,-0.028,50.000,38742
1304508.0,7.775,-0.028,50.000,38763
1302923.0,7.766,-0.028,50.000,38784
1300976.0,7.754,-0.028,50.000,38805
1299097.0,7.743,-0.028,50.000,38826
1296671.0,7.729,-0.028,50.000,38847
1294936.0,7.718,-0.029,50.000,38868
1292737.0,7.705,-0.029,50.000,38889
1290953.0,7.695,-0.029,50.000,38910
1289759.0,7.688,-0.029,50.000,38931
1286057.0,7.665,-0.029,50.000,38952
1286232.0,7.667,-0.029,50.000,38973
1283499.0,7.650,-0.029,50.000,38994
1281389.0,7.638,-0.030,50.000,39015
1281136.0,7.636,-0.030,50.000,39036
1277177.0,7.613,-0.030,50.000,39057
1277643.0,7.615,-0.030,50.000,39078
1275013.0,7.600,-0.030,50.000,39099
1272233.0,7.583,-0.030,50.000,39120
1270177.0,7.571,-0.030,50.000,39141
1270238.0,7.571,-0.030,50.000,39162
1270123.0,7.571,-0.030,50.000,39183
1275640.0,7.603,-0.030,50.000,39204
1280126.0,7.630,-0.030,50.000,39225
1277213.0,7.613,-0.030,50.000,39246
1271583.0,7.579,-0.030,50.000,39267
1270533.0,7.573,-0.030,50.000,39288
1267372.0,7.554,-0.031,50.000,39309
1265023.0,7.540,-0.031,50.000,39330
1264549.0,7.537,-0.031,50.000,39351
1262126.0,7.523,-0.031,50.000,39372
1262914.0,7.528,-0.031,50.000,39393
1259215.0,7.506,-0.031,50.000,39414
1259151.0,7.505,-0.031,50.000,39435
1258687.0,7.502,-0.031,50.000,39456
1257492.0,7.495,-0.031,50.000,39477
1258364.0,7.500,-0.031,50.000,39498
1254926.0,7.480,-0.032,50.000,39519
1253203.0,7.470,-0.032,50.000,39540
1252642.0,7.466,-0.032,50.000,39561
1249377.0,7.447,-0.032,50.000,39582
1251375.0,7.459,-0.032,50.000,39603
1248290.0,7.440,-0.032,50.000,39624
1246236.0,7.428,-0.032,50.000,39645
1244900.0,7.420,-0.032,50.000,39666
1243756.0,7.413,-0.032,50.000,39687
1244016.0,7.415,-0.032,50.000,39708
1241977.0,7.403,-0.032,50.000,39729
1240898.0,7.396,-0.033,50.000,39750
1239808.0,7.390,-0.033,50.000,39771
1238832.0,7.384,-0.033,50.000,39792
1239355.0,7.387,-0.033,50.000,39813
1237517.0,7.376,-0.033,50.000,39834
1238114.0,7.380,-0.033,50.000,39855
1237811.0,7.378,-0.033,50.000,39876
1237436.0,7.376,-0.033,50.000,39897
1238309.0,7.381,-0.033,50.000,39918
1237203.0,7.374,-0.033,50.000,39939
1236860.0,7.372,-0.033,50.000,39960
1237203.0,7.374,-0.033,50.000,39981
1237830.0,7.378,-0.033,50.000,40002
1239444.0,7.388,-0.033,50.000,40023
1238310.0,7.381,-0.033,50.000,40044
1237221.0,7.374,-0.033,50.000,40065
1237597.0,7.377,-0.033,50.000,40086
1236118.0,7.368,-0.033,50.000,40107
1236653.0,7.371,-0.033,50.000,40128
1235199.0,7.362,-0.033,50.000,40149
1234994.0,7.361,-0.033,50.000,40170
1235507.0,7.364,-0.033,50.000,40191
1234634.0,7.359,-0.033,50.000,40212
1235110.0,7.362,-0.033,50.000,40233
1233645.0,7.353,-0.033,50.000,40254
1231898.0,7.343,-0.033,50.000,40275
1232063.0,7.344,-0.033,50.000,40296
1231641.0,7.341,-0.033,50.000,40317
1232986.0,7.349,-0.033,50.000,40338
1229866.0,7.331,-0.033,50.000,40359
1229742.0,7.330,-0.033,50.000,40380
1230868.0,7.337,-0.033,50.000,40401
1229694.0,7.330,-0.033,50.000,40422
1231181.0,7.338,-0.033,50.000,40443
1229352.0,7.328,-0.033,50.000,40464
1228065.0,7.320,-0.034,50.000,40485
1226474.0,7.310,-0.034,50.000,40506
1226571.0,7.311,-0.034,50.000,40527
1226156.0,7.308,-0.034,50.000,40548
1223939.0,7.295,-0.034,50.000,40569
1223799.0,7.294,-0.034,50.000,40590
1222899.0,7.289,-0.034,50.000,40611
1222141.0,7.285,-0.034,50.000,40632
1222858.0,7.289,-0.034,50.000,40653
1220722.0,7.276,-0.034,50.000,40674
1219425.0,7.268,-0.034,50.000,40695
1220169.0,7.273,-0.034,50.000,40716
1218347.0,7.262,-0.034,50.000,40737
1218671.0,7.264,-0.034,50.000,40758
1217522.0,7.257,-0.034,50.000,40779
1217635.0,7.258,-0.034,50.000,40800
1216382.0,7.250,-0.034,50.000,40821
1215803.0,7.247,-0.034,50.000,40842
1215519.0,7.245,-0.034,50.000,40863
1214747.0,7.240,-0.034,50.000,40884
1215121.0,7.243,-0.034,50.000,40905
1214190.0,7.237,-0.035,50.000,40926
1213702.0,7.234,-0.035,50.000,40947
1213257.0,7.232,-0.035,50.000,40968
1212575.0,7.228,-0.035,50.000,40989
1212640.0,7.228,-0.035,50.000,41010
1211601.0,7.222,-0.035,50.000,41031
1210352.0,7.214,-0.035,50.000,41052
1211231.0,7.219,-0.035,50.000,41073
1208621.0,7.204,-0.035,50.000,41094
1209088.0,7.207,-0.035,50.000,41115
1208370.0,7.202,-0.035,50.000,41136
1207380.0,7.197,-0.035,50.000,41157
1203721.0,7.175,-0.035,50.000,41178
1202385.0,7.167,-0.035,50.000,41199
1199114.0,7.147,-0.036,50.000,41220
1197183.0,7.136,-0.036,50.000,41241
1197467.0,7.137,-0.036,50.000,41262
1196650.0,7.133,-0.036,50.000,41283
1192327.0,7.107,-0.036,50.000,41304
1192645.0,7.109,-0.036,50.000,41325
1193676.0,7.115,-0.036,50.000,41346
1192539.0,7.108,-0.036,50.000,41367
1196838.0,7.134,-0.036,50.000,41388
1202914.0,7.170,-0.035,50.000,41409
1201284.0,7.160,-0.035,50.000,41430
1194569.0,7.120,-0.036,50.000,41451
1194929.0,7.122,-0.036,50.000,41472
1193193.0,7.112,-0.036,50.000,41493
1192330.0,7.107,-0.036,50.000,41514
1193464.0,7.114,-0.036,50.000,41535
1193240.0,7.112,-0.036,50.000,41556
1193978.0,7.117,-0.036,50.000,41577
1194747.0,7.121,-0.036,50.000,41598
1194408.0,7.119,-0.036,50.000,41619
1196231.0,7.130,-0.036,50.000,41640
1196175.0,7.130,-0.036,50.000,41661
1197995.0,7.141,-0.036,50.000,41682
1198015.0,7.141,-0.036,50.000,41703
1197391.0,7.137,-0.036,50.000,41724
1199042.0,7.147,-0.036,50.000,41745
1198266.0,7.142,-0.036,50.000,41766
1199589.0,7.150,-0.036,50.000,41787
1199281.0,7.148,-0.036,50.000,41808
1197931.0,7.140,-0.036,50.000,41829
1198774.0,7.145,-0.036,50.000,41850
1199432.0,7.149,-0.036,50.000,41871
1200475.0,7.155,-0.036,50.000,41892
1199468.0,7.149,-0.036,50.000,41913
1198786.0,7.145,-0.036,50.000,41934
1199534.0,7.150,-0.036,50.000,41955
1198220.0,7.142,-0.036,50.000,41976
1200362.0,7.155,-0.036,50.000,41997
1199497.0,7.150,-0.036,50.000,42018
1197214.0,7.136,-0.036,50.000,42039
1198333.0,7.143,-0.036,50.000,42060
1198032.0,7.141,-0.036,50.000,42081
1199651.0,7.150,-0.036,50.000,42102
1198644.0,7.144,-0.036,50.000,42123
1197605.0,7.138,-0.036,50.000,42144
1198303.0,7.142,-0.036,50.000,42165
1198556.0,7.144,-0.036,50.000,42186
1199279.0,7.148,-0.036,50.000,42207
1197736.0,7.139,-0.036,50.000,42228
1197291.0,7.136,-0.036,50.000,42249
1196107.0,7.129,-0.036,50.000,42270
1195710.0,7.127,-0.036,50.000,42291
1195059.0,7.123,-0.036,50.000,42312
1193228.0,7.112,-0.036,50.000,42333
1193799.0,7.116,-0.036,50.000,42354
1194287.0,7.119,-0.036,50.000,42375
1193087.0,7.111,-0.036,50.000,42396
1194644.0,7.121,-0.036,50.000,42417
1192487.0,7.108,-0.036,50.000,42438
1192703.0,7.109,-0.036,50.000,42459
1192999.0,7.111,-0.036,50.000,42480
1190607.0,7.097,-0.036,50.000,42501
1192157.0,7.106,-0.036,50.000,42522
1191036.0,7.099,-0.036,50.000,42543
1190802.0,7.098,-0.036,50.000,42564
1191050.0,7.099,-0.036,50.000,42585
1188938.0,7.087,-0.036,50.000,42606
1191085.0,7.099,-0.036,50.000,42627
1190012.0,7.093,-0.036,50.000,42648
1188598.0,7.085,-0.036,50.000,42669
1188427.0,7.084,-0.036,50.000,42690
1188995.0,7.087,-0.036,50.000,42711
1189625.0,7.091,-0.036,50.000,42732
1187393.0,7.077,-0.037,50.000,42753
1188262.0,7.083,-0.036,50.000,42774
1188194.0,7.082,-0.036,50.000,42795
1186600.0,7.073,-0.037,50.000,42816
1189362.0,7.089,-0.036,50.000,42837
1186257.0,7.071,-0.037,50.000,42858
1185572.0,7.067,-0.037,50.000,42879
1186332.0,7.071,-0.037,50.000,42900
1186563.0,7.072,-0.037,50.000,42921
1187509.0,7.078,-0.037,50.000,42942
1184778.0,7.062,-0.037,50.000,42963
1186457.0,7.072,-0.037,50.000,42984
1186211.0,7.070,-0.037,50.000,43005
1185654.0,7.067,-0.037,50.000,43026
1188418.0,7.084,-0.036,50.000,43047
1187167.0,7.076,-0.037,50.000,43068
1188934.0,7.087,-0.036,50.000,43089
1189954.0,7.093,-0.036,50.000,43110
1190023.0,7.093,-0.036,50.000,43131
1193864.0,7.116,-0.036,50.000,43152
1195425.0,7.125,-0.036,50.000,43173
1197640.0,7.138,-0.036,50.000,43194
1200410.0,7.155,-0.036,50.000,43215
1199796.0,7.151,-0.036,50.000,43236
1205642.0,7.186,-0.035,50.000,43257
1205812.0,7.187,-0.035,50.000,43278
1206025.0,7.188,-0.035,50.000,43299
1208408.0,7.203,-0.035,50.000,43320
1208873.0,7.205,-0.035,50.000,43341
1211264.0,7.220,-0.035,50.000,43362
1211585.0,7.222,-0.035,50.000,43383
1214210.0,7.237,-0.035,50.000,43404
1214110.0,7.237,-0.035,50.000,43425
1215171.0,7.243,-0.034,50.000,43446
1218712.0,7.264,-0.034,50.000,43467
1216474.0,7.251,-0.034,50.000,43488
1217286.0,7.256,-0.034,50.000,43509
1218987.0,7.266,-0.034,50.000,43530
1219887.0,7.271,-0.034,50.000,43551
1222875.0,7.289,-0.034,50.000,43572
1221628.0,7.281,-0.034,50.000,43593
1222658.0,7.288,-0.034,50.000,43614
1222176.0,7.285,-0.034,50.000,43635
1223765.0,7.294,-0.034,50.000,43656
1226217.0,7.309,-0.034,50.000,43677
1225734.0,7.306,-0.034,50.000,43698
1225510.0,7.305,-0.034,50.000,43719
1226996.0,7.313,-0.034,50.000,43740
1230214.0,7.333,-0.033,50.000,43761
1232574.0,7.347,-0.033,50.000,43782
1230589.0,7.335,-0.033,50.000,43803
1229987.0,7.331,-0.033,50.000,43824
1230458.0,7.334,-0.033,50.000,43845
1229620.0,7.329,-0.033,50.000,43866
1231141.0,7.338,-0.033,50.000,43887
1229223.0,7.327,-0.033,50.000,43908
1227969.0,7.319,-0.034,50.000,43929
1225385.0,7.304,-0.034,50.000,43950
1223747.0,7.294,-0.034,50.000,43971
1226299.0,7.309,-0.034,50.000,43992
1223352.0,7.292,-0.034,50.000,44013
1223733.0,7.294,-0.034,50.000,44034
1222983.0,7.290,-0.034,50.000,44055
1223320.0,7.292,-0.034,50.000,44076
1228073.0,7.320,-0.034,50.000,44097
1226806.0,7.312,-0.034,50.000,44118
1228022.0,7.320,-0.034,50.000,44139
1230023.0,7.332,-0.033,50.000,44160
1229854.0,7.331,-0.033,50.000,44181
1233541.0,7.352,-0.033,50.000,44202
1231403.0,7.340,-0.033,50.000,44223
1230411.0,7.334,-0.033,50.000,44244
1232465.0,7.346,-0.033,50.000,44265
1230462.0,7.334,-0.033,50.000,44286
1231748.0,7.342,-0.033,50.000,44307
1229173.0,7.326,-0.033,50.000,44328
1229184.0,7.327,-0.033,50.000,44349
1229106.0,7.326,-0.033,50.000,44370
1227738.0,7.318,-0.034,50.000,44391
1229581.0,7.329,-0.033,50.000,44412
1227933.0,7.319,-0.034,50.000,44433
1228231.0,7.321,-0.033,50.000,44454
1229464.0,7.328,-0.033,50.000,44475
1228904.0,7.325,-0.033,50.000,44496
1227756.0,7.318,-0.034,50.000,44517
1227433.0,7.316,-0.034,50.000,44538
1228090.0,7.320,-0.034,50.000,44559
1228954.0,7.325,-0.033,50.000,44580
1226745.0,7.312,-0.034,50.000,44601
1228091.0,7.320,-0.034,50.000,44622
1225694.0,7.306,-0.034,50.000,44643
1226928.0,7.313,-0.034,50.000,44664
1225550.0,7.305,-0.034,50.000,44685
1225614.0,7.305,-0.034,50.000,44706
1227386.0,7.316,-0.034,50.000,44727
1226510.0,7.311,-0.034,50.000,44748
1227957.0,7.319,-0.034,50.000,44769
1229095.0,7.326,-0.033,50.000,44790
1228511.0,7.322,-0.033,50.000,44811
1231798.0,7.342,-0.033,50.000,44832
1229673.0,7.329,-0.033,50.000,44853
1230119.0,7.332,-0.033,50.000,44874
1230454.0,7.334,-0.033,50.000,44895
1229506.0,7.328,-0.033,50.000,44916
1231193.0,7.338,-0.033,50.000,44937
1231047.0,7.338,-0.033,50.000,44958
1231332.0,7.339,-0.033,50.000,44979
1231722.0,7.342,-0.033,50.000,45000
1230904.0,7.337,-0.033,50.000,45021
1233726.0,7.354,-0.033,50.000,45042
1232953.0,7.349,-0.033,50.000,45063
1232557.0,7.347,-0.033,50.000,45084
1233206.0,7.350,-0.033,50.000,45105
1232272.0,7.345,-0.033,50.000,45126
1234868.0,7.360,-0.033,50.000,45147
1232913.0,7.349,-0.033,50.000,45168
1231298.0,7.339,-0.033,50.000,45189
1232226.0,7.345,-0.033,50.000,45210
1231452.0,7.340,-0.033,50.000,45231
1233986.0,7.355,-0.033,50.000,45252
1232788.0,7.348,-0.033,50.000,45273
1233793.0,7.354,-0.033,50.000,45294
1234891.0,7.361,-0.033,50.000,45315
1236419.0,7.370,-0.033,50.000,45336
1237227.0,7.374,-0.033,50.000,45357
1235526.0,7.364,-0.033,50.000,45378
1235831.0,7.366,-0.033,50.000,45399
1236765.0,7.372,-0.033,50.000,45420
1235902.0,7.367,-0.033,50.000,45441
1235880.0,7.366,-0.033,50.000,45462
1235753.0,7.366,-0.033,50.000,45483
1232439.0,7.346,-0.033,50.000,45504
1234309.0,7.357,-0.033,50.000,45525
1233902.0,7.355,-0.033,50.000,45546
1235641.0,7.365,-0.033,50.000,45567
1233296.0,7.351,-0.033,50.000,45588
1234120.0,7.356,-0.033,50.000,45609
1233500.0,7.352,-0.033,50.000,45630
1232013.0,7.343,-0.033,50.000,45651
1233931.0,7.355,-0.033,50.000,45672
1233301.0,7.351,-0.033,50.000,45693
1232714.0,7.348,-0.033,50.000,45714
1234541.0,7.358,-0.033,50.000,45735
1233834.0,7.354,-0.033,50.000,45756
1236183.0,7.368,-0.033,50.000,45777
1234192.0,7.356,-0.033,50.000,45798
1237162.0,7.374,-0.033,50.000,45819
1236666.0,7.371,-0.033,50.000,45840
1237638.0,7.377,-0.033,50.000,45861
1240504.0,7.394,-0.033,50.000,45882
1238723.0,7.383,-0.033,50.000,45903
1239786.0,7.390,-0.033,50.000,45924
1240426.0,7.394,-0.033,50.000,45945
1242063.0,7.403,-0.032,50.000,45966
1242656.0,7.407,-0.032,50.000,45987
1243524.0,7.412,-0.032,50.000,46008
1244537.0,7.418,-0.032,50.000,46029
1247241.0,7.434,-0.032,50.000,46050
1249686.0,7.449,-0.032,50.000,46071
1250621.0,7.454,-0.032,50.000,46092
1252210.0,7.464,-0.032,50.000,46113
1255066.0,7.481,-0.031,50.000,46134
1257292.0,7.494,-0.031,50.000,46155
1260096.0,7.511,-0.031,50.000,46176
1261899.0,7.522,-0.031,50.000,46197
1261686.0,7.520,-0.031,50.000,46218
1263038.0,7.528,-0.031,50.000,46239
1264130.0,7.535,-0.031,50.000,46260
1264674.0,7.538,-0.031,50.000,46281
1264832.0,7.539,-0.031,50.000,46302
1263682.0,7.532,-0.031,50.000,46323
1263070.0,7.528,-0.031,50.000,46344
1261789.0,7.521,-0.031,50.000,46365
1261731.0,7.521,-0.031,50.000,46386
1259853.0,7.509,-0.031,50.000,46407
1256359.0,7.488,-0.031,50.000,46428
1252643.0,7.466,-0.032,50.000,46449
1246314.0,7.429,-0.032,50.000,46470
1234296.0,7.357,-0.033,50.000,46491
1229225.0,7.327,-0.033,50.000,46512
1221540.0,7.281,-0.034,50.000,46533
1214016.0,7.236,-0.035,50.000,46554
1202801.0,7.169,-0.035,50.000,46575
1192062.0,7.105,-0.036,50.000,46596
1179657.0,7.031,-0.037,50.000,46617
1169999.0,6.974,-0.038,50.000,46638
1163562.0,6.935,-0.038,50.000,46659
1159408.0,6.911,-0.039,50.000,46680
1153713.0,6.877,-0.039,50.000,46701
1152941.0,6.872,-0.039,50.000,46722
1149200.0,6.850,-0.039,50.000,46743
1149247.0,6.850,-0.039,50.000,46764
1147626.0,6.840,-0.039,50.000,46785
1146410.0,6.833,-0.040,50.000,46806
1146266.0,6.832,-0.040,50.000,46827
1144599.0,6.822,-0.040,50.000,46848
1145129.0,6.826,-0.040,50.000,46869
1142972.0,6.813,-0.040,50.000,46890
1145001.0,6.825,-0.040,50.000,46911
1144880.0,6.824,-0.040,50.000,46932
1145680.0,6.829,-0.040,50.000,46953
1146227.0,6.832,-0.040,50.000,46974
1144952.0,6.824,-0.040,50.000,46995
1146008.0,6.831,-0.040,50.000,47016
1146307.0,6.833,-0.040,50.000,47037
1145458.0,6.827,-0.040,50.000,47058
1147311.0,6.839,-0.040,50.000,47079
1146448.0,6.833,-0.040,50.000,47100
1147857.0,6.842,-0.039,50.000,47121
1147295.0,6.838,-0.040,50.000,47142
1148209.0,6.844,-0.039,50.000,47163
1150210.0,6.856,-0.039,50.000,47184
1150015.0,6.855,-0.039,50.000,47205
1151833.0,6.865,-0.039,50.000,47226
1152107.0,6.867,-0.039,50.000,47247
1154888.0,6.884,-0.039,50.000,47268
1157665.0,6.900,-0.039,50.000,47289
1160921.0,6.920,-0.039,50.000,47310
1165329.0,6.946,-0.038,50.000,47331
1167694.0,6.960,-0.038,50.000,47352
1170173.0,6.975,-0.038,50.000,47373
1172250.0,6.987,-0.038,50.000,47394
1173596.0,6.995,-0.038,50.000,47415
1175287.0,7.005,-0.037,50.000,47436
1178461.0,7.024,-0.037,50.000,47457
1176836.0,7.014,-0.037,50.000,47478
1177928.0,7.021,-0.037,50.000,47499
1176595.0,7.013,-0.037,50.000,47520
1177372.0,7.018,-0.037,50.000,47541
1173615.0,6.995,-0.038,50.000,47562
1169677.0,6.972,-0.038,50.000,47583
1164703.0,6.942,-0.038,50.000,47604
1158940.0,6.908,-0.039,50.000,47625
1156833.0,6.895,-0.039,50.000,47646
1154027.0,6.879,-0.039,50.000,47667
1152856.0,6.872,-0.039,50.000,47688
1150736.0,6.859,-0.039,50.000,47709
1148320.0,6.845,-0.039,50.000,47730
1148688.0,6.847,-0.039,50.000,47751
1144745.0,6.823,-0.040,50.000,47772
1144203.0,6.820,-0.040,50.000,47793
1145018.0,6.825,-0.040,50.000,47814
1144903.0,6.824,-0.040,50.000,47835
1145179.0,6.826,-0.040,50.000,47856
1144255.0,6.820,-0.040,50.000,47877
1144699.0,6.823,-0.040,50.000,47898
1144460.0,6.822,-0.040,50.000,47919
1143814.0,6.818,-0.040,50.000,47940
1143755.0,6.817,-0.040,50.000,47961
1143763.0,6.817,-0.040,50.000,47982
1142916.0,6.812,-0.040,50.000,48003
1143604.0,6.816,-0.040,50.000,48024
1142407.0,6.809,-0.040,50.000,48045
1143989.0,6.819,-0.040,50.000,48066
1143301.0,6.815,-0.040,50.000,48087
1143509.0,6.816,-0.040,50.000,48108
1143339.0,6.815,-0.040,50.000,48129
1142455.0,6.810,-0.040,50.000,48150
1143356.0,6.815,-0.040,50.000,48171
1141615.0,6.805,-0.040,50.000,48192
1142691.0,6.811,-0.040,50.000,48213
1140960.0,6.801,-0.040,50.000,48234
1142702.0,6.811,-0.040,50.000,48255
1145447.0,6.827,-0.040,50.000,48276
1145853.0,6.830,-0.040,50.000,48297
1147053.0,6.837,-0.040,50.000,48318
1151454.0,6.863,-0.039,50.000,48339
1156512.0,6.893,-0.039,50.000,48360
1162263.0,6.928,-0.038,50.000,48381
1163092.0,6.933,-0.038,50.000,48402
1166007.0,6.950,-0.038,50.000,48423
1169697.0,6.972,-0.038,50.000,48444
1172683.0,6.990,-0.038,50.000,48465
1175518.0,7.007,-0.037,50.000,48486
1175257.0,7.005,-0.037,50.000,48507
1178331.0,7.023,-0.037,50.000,48528
1180590.0,7.037,-0.037,50.000,48549
1180331.0,7.035,-0.037,50.000,48570
1181984.0,7.045,-0.037,50.000,48591
1179536.0,7.031,-0.037,50.000,48612
1179275.0,7.029,-0.037,50.000,48633
1177557.0,7.019,-0.037,50.000,48654
1177741.0,7.020,-0.037,50.000,48675
1179428.0,7.030,-0.037,50.000,48696
1178546.0,7.025,-0.037,50.000,48717
1182211.0,7.047,-0.037,50.000,48738
1184751.0,7.062,-0.037,50.000,48759
1182649.0,7.049,-0.037,50.000,48780
1189314.0,7.089,-0.036,50.000,48801
1191613.0,7.103,-0.036,50.000,48822
1197181.0,7.136,-0.036,50.000,48843
1197019.0,7.135,-0.036,50.000,48864
1196156.0,7.130,-0.036,50.000,48885
1201707.0,7.163,-0.035,50.000,48906
1203222.0,7.172,-0.035,50.000,48927
1206680.0,7.192,-0.035,50.000,48948
1207403.0,7.197,-0.035,50.000,48969
1207843.0,7.199,-0.035,50.000,48990
1210083.0,7.213,-0.035,50.000,49011
1208931.0,7.206,-0.035,50.000,49032
1210052.0,7.212,-0.035,50.000,49053
1208219.0,7.202,-0.035,50.000,49074
1206889.0,7.194,-0.035,50.000,49095
1212089.0,7.225,-0.035,50.000,49116
1213268.0,7.232,-0.035,50.000,49137
1215710.0,7.246,-0.034,50.000,49158
1216386.0,7.250,-0.034,50.000,49179
1216953.0,7.254,-0.034,50.000,49200
1221256.0,7.279,-0.034,50.000,49221
1221345.0,7.280,-0.034,50.000,49242
1222315.0,7.286,-0.034,50.000,49263
1221333.0,7.280,-0.034,50.000,49284
1220043.0,7.272,-0.034,50.000,49305
1220272.0,7.273,-0.034,50.000,49326
1217693.0,7.258,-0.034,50.000,49347
1218590.0,7.263,-0.034,50.000,49368
1224086.0,7.296,-0.034,50.000,49389
1224573.0,7.299,-0.034,50.000,49410
1228441.0,7.322,-0.033,50.000,49431
1229069.0,7.326,-0.033,50.000,49452
1234012.0,7.355,-0.033,50.000,49473
1234114.0,7.356,-0.033,50.000,49494
1233560.0,7.353,-0.033,50.000,49515
1236750.0,7.372,-0.033,50.000,49536
1234787.0,7.360,-0.033,50.000,49557
1234465.0,7.358,-0.033,50.000,49578
1233123.0,7.350,-0.033,50.000,49599
1234360.0,7.357,-0.033,50.000,49620
1236679.0,7.371,-0.033,50.000,49641
1233958.0,7.355,-0.033,50.000,49662
1234821.0,7.360,-0.033,50.000,49683
1236107.0,7.368,-0.033,50.000,49704
1238091.0,7.380,-0.033,50.000,49725
1240840.0,7.396,-0.033,50.000,49746
1238220.0,7.380,-0.033,50.000,49767
1239207.0,7.386,-0.033,50.000,49788
1236236.0,7.369,-0.033,50.000,49809
1236694.0,7.371,-0.033,50.000,49830
1236698.0,7.371,-0.033,50.000,49851
1236260.0,7.369,-0.033,50.000,49872
1236315.0,7.369,-0.033,50.000,49893
1235156.0,7.362,-0.033,50.000,49914
1235568.0,7.365,-0.033,50.000,49935
1236060.0,7.367,-0.033,50.000,49956
1235225.0,7.363,-0.033,50.000,49977
1236153.0,7.368,-0.033,50.000,49998
1235509.0,7.364,-0.033,50.000,50019
1235166.0,7.362,-0.033,50.000,50040
1235773.0,7.366,-0.033,50.000,50061
1235410.0,7.364,-0.033,50.000,50082
1236999.0,7.373,-0.033,50.000,50103
1235548.0,7.364,-0.033,50.000,50124
1237599.0,7.377,-0.033,50.000,50145
1242390.0,7.405,-0.032,50.000,50166
1241837.0,7.402,-0.032,50.000,50187
1243333.0,7.411,-0.032,50.000,50208
1241726.0,7.401,-0.032,50.000,50229
1241705.0,7.401,-0.032,50.000,50250
1242640.0,7.407,-0.032,50.000,50271
1239467.0,7.388,-0.033,50.000,50292
1241083.0,7.397,-0.033,50.000,50313
1241016.0,7.397,-0.033,50.000,50334
1241384.0,7.399,-0.033,50.000,50355
1242805.0,7.408,-0.032,50.000,50376
1241369.0,7.399,-0.033,50.000,50397
1241918.0,7.402,-0.032,50.000,50418
1241722.0,7.401,-0.032,50.000,50439
1241758.0,7.401,-0.032,50.000,50460
1240670.0,7.395,-0.033,50.000,50481
1239031.0,7.385,-0.033,50.000,50502
1238443.0,7.382,-0.033,50.000,50523
1235146.0,7.362,-0.033,50.000,50544
1233383.0,7.352,-0.033,50.000,50565
1233137.0,7.350,-0.033,50.000,50586
1229421.0,7.328,-0.033,50.000,50607
1228838.0,7.324,-0.033,50.000,50628
1227017.0,7.314,-0.034,50.000,50649
1227703.0,7.318,-0.034,50.000,50670
1227828.0,7.318,-0.034,50.000,50691
1228144.0,7.320,-0.033,50.000,50712
1233791.0,7.354,-0.033,50.000,50733
1234535.0,7.358,-0.033,50.000,50754
1237350.0,7.375,-0.033,50.000,50775
1237248.0,7.375,-0.033,50.000,50796
1232113.0,7.344,-0.033,50.000,50817
1228530.0,7.323,-0.033,50.000,50838
1221646.0,7.282,-0.034,50.000,50859
1216852.0,7.253,-0.034,50.000,50880
1211941.0,7.224,-0.035,50.000,50901
1205136.0,7.183,-0.035,50.000,50922
1201949.0,7.164,-0.035,50.000,50943
1198087.0,7.141,-0.036,50.000,50964
1196094.0,7.129,-0.036,50.000,50985
1193033.0,7.111,-0.036,50.000,51006
1186427.0,7.072,-0.037,50.000,51027
1180202.0,7.035,-0.037,50.000,51048
1170992.0,6.980,-0.038,50.000,51069
1159648.0,6.912,-0.039,50.000,51090
1149463.0,6.851,-0.039,50.000,51111
1140885.0,6.800,-0.040,50.000,51132
1134426.0,6.762,-0.040,50.000,51153
1130347.0,6.737,-0.041,50.000,51174
1128224.0,6.725,-0.041,50.000,51195
1126351.0,6.714,-0.041,50.000,51216
1125395.0,6.708,-0.041,50.000,51237
1125574.0,6.709,-0.041,50.000,51258
1124817.0,6.704,-0.041,50.000,51279
1124471.0,6.702,-0.041,50.000,51300
1124911.0,6.705,-0.041,50.000,51321
1125076.0,6.706,-0.041,50.000,51342
1125438.0,6.708,-0.041,50.000,51363
1126174.0,6.713,-0.041,50.000,51384
1126335.0,6.713,-0.041,50.000,51405
1127137.0,6.718,-0.041,50.000,51426
1126872.0,6.717,-0.041,50.000,51447
1126672.0,6.715,-0.041,50.000,51468
1127714.0,6.722,-0.041,50.000,51489
1127135.0,6.718,-0.041,50.000,51510
1126841.0,6.716,-0.041,50.000,51531
1126070.0,6.712,-0.041,50.000,51552
1126606.0,6.715,-0.041,50.000,51573
1126568.0,6.715,-0.041,50.000,51594
1127347.0,6.720,-0.041,50.000,51615
1126950.0,6.717,-0.041,50.000,51636
1127565.0,6.721,-0.041,50.000,51657
1127971.0,6.723,-0.041,50.000,51678
1125931.0,6.711,-0.041,50.000,51699
1126952.0,6.717,-0.041,50.000,51720
1125847.0,6.711,-0.041,50.000,51741
1126402.0,6.714,-0.041,50.000,51762
1126902.0,6.717,-0.041,50.000,51783
1126826.0,6.716,-0.041,50.000,51804
1126603.0,6.715,-0.041,50.000,51825
1128311.0,6.725,-0.041,50.000,51846
1126939.0,6.717,-0.041,50.000,51867
1127837.0,6.722,-0.041,50.000,51888
1127985.0,6.723,-0.041,50.000,51909
1127316.0,6.719,-0.041,50.000,51930
1127868.0,6.723,-0.041,50.000,51951
1127071.0,6.718,-0.041,50.000,51972
1127125.0,6.718,-0.041,50.000,51993
1126406.0,6.714,-0.041,50.000,52014
1127493.0,6.720,-0.041,50.000,52035
1127211.0,6.719,-0.041,50.000,52056
1127647.0,6.721,-0.041,50.000,52077
1126890.0,6.717,-0.041,50.000,52098
1126375.0,6.714,-0.041,50.000,52119
1126211.0,6.713,-0.041,50.000,52140
1127649.0,6.721,-0.041,50.000,52161
1128025.0,6.724,-0.041,50.000,52182
1128521.0,6.727,-0.041,50.000,52203
1127630.0,6.721,-0.041,50.000,52224
1127707.0,6.722,-0.041,50.000,52245
1127513.0,6.721,-0.041,50.000,52266
1127885.0,6.723,-0.041,50.000,52287
1127500.0,6.720,-0.041,50.000,52308
1126885.0,6.717,-0.041,50.000,52329
1128802.0,6.728,-0.041,50.000,52350
1129145.0,6.730,-0.041,50.000,52371
1127409.0,6.720,-0.041,50.000,52392
1127632.0,6.721,-0.041,50.000,52413
1128947.0,6.729,-0.041,50.000,52434
1127573.0,6.721,-0.041,50.000,52455
1127634.0,6.721,-0.041,50.000,52476
1127581.0,6.721,-0.041,50.000,52497
1127871.0,6.723,-0.041,50.000,52518
1127081.0,6.718,-0.041,50.000,52539
1126744.0,6.716,-0.041,50.000,52560
1127463.0,6.720,-0.041,50.000,52581
1127201.0,6.719,-0.041,50.000,52602
1126673.0,6.715,-0.041,50.000,52623
1127378.0,6.720,-0.041,50.000,52644
1128839.0,6.728,-0.041,50.000,52665
1128321.0,6.725,-0.041,50.000,52686
1127851.0,6.723,-0.041,50.000,52707
1127631.0,6.721,-0.041,50.000,52728
1127303.0,6.719,-0.041,50.000,52749
1128272.0,6.725,-0.041,50.000,52770
1128863.0,6.729,-0.041,50.000,52791
1127290.0,6.719,-0.041,50.000,52812
1128480.0,6.726,-0.041,50.000,52833
1128233.0,6.725,-0.041,50.000,52854
1128931.0,6.729,-0.041,50.000,52875
1128695.0,6.728,-0.041,50.000,52896
1127306.0,6.719,-0.041,50.000,52917
1128991.0,6.729,-0.041,50.000,52938
1127724.0,6.722,-0.041,50.000,52959
1128449.0,6.726,-0.041,50.000,52980
1127954.0,6.723,-0.041,50.000,53001
1127993.0,6.723,-0.041,50.000,53022
1128367.0,6.726,-0.041,50.000,53043
1127861.0,6.723,-0.041,50.000,53064
1127844.0,6.722,-0.041,50.000,53085
1127776.0,6.722,-0.041,50.000,53106
1128154.0,6.724,-0.041,50.000,53127
1128637.0,6.727,-0.041,50.000,53148
1127849.0,6.723,-0.041,50.000,53169
1127604.0,6.721,-0.041,50.000,53190
1128441.0,6.726,-0.041,50.000,53211
1129394.0,6.732,-0.041,50.000,53232
1128927.0,6.729,-0.041,50.000,53253
1128724.0,6.728,-0.041,50.000,53274
1128081.0,6.724,-0.041,50.000,53295
1127523.0,6.721,-0.041,50.000,53316
1128055.0,6.724,-0.041,50.000,53337
1128586.0,6.727,-0.041,50.000,53358
1127393.0,6.720,-0.041,50.000,53379
1127063.0,6.718,-0.041,50.000,53400
1128013.0,6.723,-0.041,50.000,53421
1127500.0,6.720,-0.041,50.000,53442
1128103.0,6.724,-0.041,50.000,53463
1127780.0,6.722,-0.041,50.000,53484
1128548.0,6.727,-0.041,50.000,53505
1128410.0,6.726,-0.041,50.000,53526
1126846.0,6.717,-0.041,50.000,53547
1129126.0,6.730,-0.041,50.000,53568
1128791.0,6.728,-0.041,50.000,53589
1129195.0,6.731,-0.041,50.000,53610
1128677.0,6.727,-0.041,50.000,53631
1128724.0,6.728,-0.041,50.000,53652
1128091.0,6.724,-0.041,50.000,53673
1127595.0,6.721,-0.041,50.000,53694
1129323.0,6.731,-0.041,50.000,53715
1128655.0,6.727,-0.041,50.000,53736
1129944.0,6.735,-0.041,50.000,53757
1129853.0,6.734,-0.041,50.000,53778
1129597.0,6.733,-0.041,50.000,53799
